--
-- PostgreSQL database dump
--

-- Dumped from database version 9.1.3
-- Dumped by pg_dump version 9.1.3
-- Started on 2012-05-06 10:42:36 MSK

SET statement_timeout = 0;
SET client_encoding = 'UTF8';
SET standard_conforming_strings = on;
SET check_function_bodies = false;
SET client_min_messages = warning;

--
-- TOC entry 204 (class 3079 OID 11680)
-- Name: plpgsql; Type: EXTENSION; Schema: -; Owner: 
--

CREATE EXTENSION IF NOT EXISTS plpgsql WITH SCHEMA pg_catalog;


--
-- TOC entry 2210 (class 0 OID 0)
-- Dependencies: 204
-- Name: EXTENSION plpgsql; Type: COMMENT; Schema: -; Owner: 
--

COMMENT ON EXTENSION plpgsql IS 'PL/pgSQL procedural language';


SET search_path = public, pg_catalog;

SET default_tablespace = '';

SET default_with_oids = false;

--
-- TOC entry 161 (class 1259 OID 16386)
-- Dependencies: 2083 2084 2085 6
-- Name: sentence_word; Type: TABLE; Schema: public; Owner: knowledge; Tablespace: 
--

CREATE TABLE sentence_word (
    sentence_id integer NOT NULL,
    word_pos integer NOT NULL,
    word text,
    punctuation boolean,
    word_id integer,
    rule_id integer,
    postfix_id integer,
    type integer,
    preposition_id integer,
    dep_word_pos integer,
    name boolean DEFAULT false NOT NULL,
    word_type_filter text,
    subsentence_id integer DEFAULT 0 NOT NULL,
    internal boolean DEFAULT false NOT NULL,
    wcase_filter text,
    gender_filter text,
    sing_pl_filter text
);


ALTER TABLE public.sentence_word OWNER TO knowledge;

--
-- TOC entry 162 (class 1259 OID 16393)
-- Dependencies: 2086 2087 6
-- Name: words; Type: TABLE; Schema: public; Owner: knowledge; Tablespace: 
--

CREATE TABLE words (
    id integer NOT NULL,
    word text,
    type integer,
    rule_no integer,
    rating integer,
    complex boolean DEFAULT false NOT NULL,
    rule_variance integer DEFAULT 0 NOT NULL
);


ALTER TABLE public.words OWNER TO knowledge;

--
-- TOC entry 163 (class 1259 OID 16400)
-- Dependencies: 2061 6
-- Name: dep_words_pair; Type: VIEW; Schema: public; Owner: knowledge
--

CREATE VIEW dep_words_pair AS
    SELECT sentence_word.sentence_id, sentence_word.word_pos, sentence_word_dep.word AS dep_word, dep_words.type AS dep_type, sentence_word.word, words.type, sentence_word_dep.word_pos AS dep_word_pos, sentence_word_dep.preposition_id FROM sentence_word sentence_word, sentence_word sentence_word_dep, words dep_words, words WHERE (((((sentence_word.sentence_id = sentence_word_dep.sentence_id) AND (sentence_word_dep.dep_word_pos = sentence_word.word_pos)) AND (sentence_word_dep.dep_word_pos > 0)) AND (sentence_word.word_id = words.id)) AND (sentence_word_dep.word_id = dep_words.id)) ORDER BY sentence_word.sentence_id, sentence_word.word_pos;


ALTER TABLE public.dep_words_pair OWNER TO knowledge;

--
-- TOC entry 164 (class 1259 OID 16404)
-- Dependencies: 2062 6
-- Name: adj_subst_pair; Type: VIEW; Schema: public; Owner: knowledge
--

CREATE VIEW adj_subst_pair AS
    SELECT dep_words_pair.sentence_id, dep_words_pair.dep_word_pos, dep_words_pair.dep_word AS adjective, dep_words_pair.word AS substantive FROM dep_words_pair WHERE ((((dep_words_pair.type = 1) OR (dep_words_pair.type = 4)) OR (dep_words_pair.type = 50)) AND ((dep_words_pair.dep_type = 3) OR (dep_words_pair.dep_type = 50))) ORDER BY dep_words_pair.sentence_id, dep_words_pair.dep_word_pos;


ALTER TABLE public.adj_subst_pair OWNER TO knowledge;

--
-- TOC entry 200 (class 1259 OID 26022)
-- Dependencies: 2080 6
-- Name: adverb_adj_pair; Type: VIEW; Schema: public; Owner: knowledge
--

CREATE VIEW adverb_adj_pair AS
    SELECT dep_words_pair.sentence_id, dep_words_pair.dep_word_pos, dep_words_pair.dep_word AS adverb, dep_words_pair.word AS adjective FROM dep_words_pair WHERE ((dep_words_pair.type = 3) AND ((dep_words_pair.dep_type = 3) OR (dep_words_pair.dep_type = 98))) ORDER BY dep_words_pair.sentence_id, dep_words_pair.dep_word_pos;


ALTER TABLE public.adverb_adj_pair OWNER TO knowledge;

--
-- TOC entry 165 (class 1259 OID 16408)
-- Dependencies: 6
-- Name: ending_rules_id; Type: SEQUENCE; Schema: public; Owner: knowledge
--

CREATE SEQUENCE ending_rules_id
    START WITH 467
    INCREMENT BY 1
    NO MINVALUE
    NO MAXVALUE
    CACHE 1;


ALTER TABLE public.ending_rules_id OWNER TO knowledge;

--
-- TOC entry 2211 (class 0 OID 0)
-- Dependencies: 165
-- Name: ending_rules_id; Type: SEQUENCE SET; Schema: public; Owner: knowledge
--

SELECT pg_catalog.setval('ending_rules_id', 1334, true);


--
-- TOC entry 166 (class 1259 OID 16410)
-- Dependencies: 2088 2089 2090 2091 6
-- Name: ending_rules; Type: TABLE; Schema: public; Owner: knowledge; Tablespace: 
--

CREATE TABLE ending_rules (
    rule_no integer,
    type integer NOT NULL,
    ending text DEFAULT ''::text NOT NULL,
    wcase integer,
    gender integer,
    person integer,
    sing_pl integer,
    tense integer,
    allow_after text,
    deny_after text,
    e_before text,
    o_before text,
    postfix integer,
    min_length integer,
    rule_id integer DEFAULT nextval('ending_rules_id'::regclass) NOT NULL,
    subtype integer DEFAULT 0 NOT NULL,
    rule_variance integer DEFAULT 0 NOT NULL
);


ALTER TABLE public.ending_rules OWNER TO knowledge;

--
-- TOC entry 167 (class 1259 OID 16419)
-- Dependencies: 2063 6
-- Name: base_words; Type: VIEW; Schema: public; Owner: knowledge
--

CREATE VIEW base_words AS
    SELECT words.word AS nominal_word, (SELECT ending_rules.ending FROM ending_rules WHERE (ending_rules.rule_no = words.rule_no) ORDER BY ending_rules.subtype, ending_rules.tense, ending_rules.wcase, ending_rules.sing_pl, ending_rules.gender LIMIT 1) AS nominal_ending, words.type, words.rule_no, words.rating, words.id, words.complex, words.rule_variance FROM words ORDER BY words.word;


ALTER TABLE public.base_words OWNER TO knowledge;

--
-- TOC entry 168 (class 1259 OID 16423)
-- Dependencies: 6
-- Name: characters; Type: TABLE; Schema: public; Owner: knowledge; Tablespace: 
--

CREATE TABLE characters (
    "character" character(1) NOT NULL,
    type integer,
    capital integer,
    sentence_end integer,
    ready integer
);


ALTER TABLE public.characters OWNER TO knowledge;

--
-- TOC entry 169 (class 1259 OID 16426)
-- Dependencies: 6
-- Name: complex_word; Type: TABLE; Schema: public; Owner: knowledge; Tablespace: 
--

CREATE TABLE complex_word (
    word_id integer NOT NULL,
    word1 integer NOT NULL,
    word2 integer NOT NULL
);


ALTER TABLE public.complex_word OWNER TO knowledge;

--
-- TOC entry 170 (class 1259 OID 16429)
-- Dependencies: 2092 2093 2094 2095 2096 2097 2098 2099 6
-- Name: complex_word_template; Type: TABLE; Schema: public; Owner: knowledge; Tablespace: 
--

CREATE TABLE complex_word_template (
    id integer NOT NULL,
    word1_type integer DEFAULT 0 NOT NULL,
    word1_subtype integer DEFAULT 0 NOT NULL,
    word1_wcase integer DEFAULT 0 NOT NULL,
    word2_type integer DEFAULT 0 NOT NULL,
    word2_subtype integer DEFAULT 0 NOT NULL,
    word2_wcase integer DEFAULT 0 NOT NULL,
    word1_sing_pl integer DEFAULT 0 NOT NULL,
    word2_sing_pl integer DEFAULT 0 NOT NULL,
    delimiter text
);


ALTER TABLE public.complex_word_template OWNER TO knowledge;

--
-- TOC entry 171 (class 1259 OID 16443)
-- Dependencies: 6
-- Name: fixed_words_id; Type: SEQUENCE; Schema: public; Owner: knowledge
--

CREATE SEQUENCE fixed_words_id
    START WITH 154
    INCREMENT BY 1
    NO MINVALUE
    NO MAXVALUE
    CACHE 1;


ALTER TABLE public.fixed_words_id OWNER TO knowledge;

--
-- TOC entry 2212 (class 0 OID 0)
-- Dependencies: 171
-- Name: fixed_words_id; Type: SEQUENCE SET; Schema: public; Owner: knowledge
--

SELECT pg_catalog.setval('fixed_words_id', 392, true);


--
-- TOC entry 172 (class 1259 OID 16445)
-- Dependencies: 2100 2101 2102 2103 2104 2105 2106 6
-- Name: fixed_words; Type: TABLE; Schema: public; Owner: knowledge; Tablespace: 
--

CREATE TABLE fixed_words (
    word text,
    type integer,
    base_form text,
    wcase integer DEFAULT 0,
    gender integer DEFAULT 0,
    sing_pl integer DEFAULT 0,
    person integer DEFAULT 0,
    only_form integer DEFAULT 0 NOT NULL,
    rule_id integer DEFAULT nextval('fixed_words_id'::regclass) NOT NULL,
    subtype integer DEFAULT 0 NOT NULL
);


ALTER TABLE public.fixed_words OWNER TO knowledge;

--
-- TOC entry 173 (class 1259 OID 16458)
-- Dependencies: 2064 6
-- Name: ending_fixed_rules; Type: VIEW; Schema: public; Owner: knowledge
--

CREATE VIEW ending_fixed_rules AS
    SELECT (- fixed_words.type) AS rule_no, fixed_words.rule_id, fixed_words.type, fixed_words.wcase, fixed_words.gender, fixed_words.sing_pl, fixed_words.person, 0 AS tense, fixed_words.subtype FROM fixed_words UNION SELECT ending_rules.rule_no, ending_rules.rule_id, ending_rules.type, ending_rules.wcase, ending_rules.gender, ending_rules.sing_pl, ending_rules.person, ending_rules.tense, ending_rules.subtype FROM ending_rules;


ALTER TABLE public.ending_fixed_rules OWNER TO knowledge;

--
-- TOC entry 188 (class 1259 OID 16534)
-- Dependencies: 2072 6
-- Name: sentence_wordform; Type: VIEW; Schema: public; Owner: knowledge
--

CREATE VIEW sentence_wordform AS
    SELECT sentence_word.sentence_id, sentence_word.word_pos, sentence_word.word, words.word AS nominal_word, (SELECT ending_rules.ending FROM ending_rules WHERE ((ending_rules.rule_no = words.rule_no) AND (ending_rules.tense = 0)) ORDER BY ending_rules.subtype, ending_rules.sing_pl, ending_rules.gender, ending_rules.wcase LIMIT 1) AS nominal_ending, words.type, words.rule_no, words.rating, sentence_word.dep_word_pos, sentence_word.type AS sw_type, sentence_word.subsentence_id FROM (sentence_word LEFT JOIN words ON ((sentence_word.word_id = words.id))) ORDER BY sentence_word.sentence_id, sentence_word.word_pos;


ALTER TABLE public.sentence_wordform OWNER TO knowledge;

--
-- TOC entry 202 (class 1259 OID 27225)
-- Dependencies: 2082 6
-- Name: master_words; Type: VIEW; Schema: public; Owner: knowledge
--

CREATE VIEW master_words AS
    SELECT sentence_wordform.nominal_word, sentence_wordform.nominal_ending, sentence_wordform.rule_no, sentence_wordform.rating, count(*) AS word_count FROM (sentence_wordform JOIN sentence_wordform sw2 ON ((((sentence_wordform.sentence_id = sw2.sentence_id) AND (sentence_wordform.word_pos = sw2.dep_word_pos)) AND (sw2.type <> 100)))) WHERE (sentence_wordform.type = 1) GROUP BY sentence_wordform.nominal_word, sentence_wordform.nominal_ending, sentence_wordform.rule_no, sentence_wordform.rating ORDER BY sentence_wordform.nominal_word;


ALTER TABLE public.master_words OWNER TO knowledge;

--
-- TOC entry 174 (class 1259 OID 16463)
-- Dependencies: 2065 6
-- Name: negative_particle; Type: VIEW; Schema: public; Owner: knowledge
--

CREATE VIEW negative_particle AS
    SELECT dep_words_pair.sentence_id, dep_words_pair.dep_word_pos, dep_words_pair.dep_word AS adjective, dep_words_pair.word AS substantive FROM dep_words_pair WHERE (dep_words_pair.dep_type = 97) ORDER BY dep_words_pair.sentence_id, dep_words_pair.dep_word_pos;


ALTER TABLE public.negative_particle OWNER TO knowledge;

--
-- TOC entry 175 (class 1259 OID 16467)
-- Dependencies: 2066 6
-- Name: num_subst_pair; Type: VIEW; Schema: public; Owner: knowledge
--

CREATE VIEW num_subst_pair AS
    SELECT dep_words_pair.sentence_id, dep_words_pair.dep_word_pos, dep_words_pair.word AS numeral, dep_words_pair.dep_word AS substantive FROM dep_words_pair WHERE ((dep_words_pair.type = 4) AND ((dep_words_pair.dep_type = 1) OR (dep_words_pair.dep_type = 50))) ORDER BY dep_words_pair.sentence_id, dep_words_pair.dep_word_pos;


ALTER TABLE public.num_subst_pair OWNER TO knowledge;

--
-- TOC entry 176 (class 1259 OID 16471)
-- Dependencies: 6
-- Name: numberals; Type: TABLE; Schema: public; Owner: knowledge; Tablespace: 
--

CREATE TABLE numberals (
    numeral text NOT NULL,
    sing_pl integer,
    base_wcase integer,
    base_sing_pl integer,
    value integer
);


ALTER TABLE public.numberals OWNER TO knowledge;

--
-- TOC entry 177 (class 1259 OID 16477)
-- Dependencies: 2107 2108 2109 6
-- Name: postfixes; Type: TABLE; Schema: public; Owner: knowledge; Tablespace: 
--

CREATE TABLE postfixes (
    id integer NOT NULL,
    postfix text,
    reflexive integer,
    type integer DEFAULT 0 NOT NULL,
    tense integer DEFAULT 0 NOT NULL,
    rule_no integer DEFAULT 0 NOT NULL
);


ALTER TABLE public.postfixes OWNER TO knowledge;

--
-- TOC entry 178 (class 1259 OID 16486)
-- Dependencies: 6
-- Name: wordforms; Type: TABLE; Schema: public; Owner: knowledge; Tablespace: 
--

CREATE TABLE wordforms (
    word_id integer NOT NULL,
    wordform text,
    rule_id integer NOT NULL,
    postfix_id integer NOT NULL
);


ALTER TABLE public.wordforms OWNER TO knowledge;

--
-- TOC entry 179 (class 1259 OID 16492)
-- Dependencies: 2067 6
-- Name: postfix_wordtype_relation; Type: VIEW; Schema: public; Owner: knowledge
--

CREATE VIEW postfix_wordtype_relation AS
    SELECT DISTINCT wordforms.postfix_id, words.type, postfixes.postfix FROM ((wordforms JOIN words ON ((wordforms.word_id = words.id))) JOIN postfixes ON ((wordforms.postfix_id = postfixes.id))) WHERE (wordforms.postfix_id > 0) ORDER BY wordforms.postfix_id, words.type;


ALTER TABLE public.postfix_wordtype_relation OWNER TO knowledge;

--
-- TOC entry 180 (class 1259 OID 16496)
-- Dependencies: 2110 6
-- Name: word_word_relation; Type: TABLE; Schema: public; Owner: knowledge; Tablespace: 
--

CREATE TABLE word_word_relation (
    word_id integer NOT NULL,
    parent_word_id integer NOT NULL,
    relation_type integer NOT NULL,
    relation_ref_id integer NOT NULL,
    relation_ref_line integer DEFAULT 0 NOT NULL
);


ALTER TABLE public.word_word_relation OWNER TO knowledge;

--
-- TOC entry 181 (class 1259 OID 16500)
-- Dependencies: 2068 6
-- Name: prefix_words; Type: VIEW; Schema: public; Owner: knowledge
--

CREATE VIEW prefix_words AS
    SELECT prefix_words.id AS prefix_word_id, prefix_words.word AS prefix_word, prefix_words.type AS prefix_type, prefix_words.rule_no AS prefix_rule_no, prefix_words.rating AS prefix_word_rating, word_word_relation.relation_ref_id, word_word_relation.relation_ref_line, words.id, words.word, words.rating, words.type, words.rule_no, word_word_relation.relation_type FROM word_word_relation, words prefix_words, words WHERE ((words.id = word_word_relation.parent_word_id) AND (prefix_words.id = word_word_relation.word_id)) ORDER BY prefix_words.word, prefix_words.rule_no;


ALTER TABLE public.prefix_words OWNER TO knowledge;

--
-- TOC entry 182 (class 1259 OID 16504)
-- Dependencies: 6
-- Name: prefixes_id; Type: SEQUENCE; Schema: public; Owner: knowledge
--

CREATE SEQUENCE prefixes_id
    START WITH 1
    INCREMENT BY 1
    NO MINVALUE
    NO MAXVALUE
    CACHE 1;


ALTER TABLE public.prefixes_id OWNER TO knowledge;

--
-- TOC entry 2213 (class 0 OID 0)
-- Dependencies: 182
-- Name: prefixes_id; Type: SEQUENCE SET; Schema: public; Owner: knowledge
--

SELECT pg_catalog.setval('prefixes_id', 11, true);


--
-- TOC entry 183 (class 1259 OID 16506)
-- Dependencies: 2111 2112 2113 6
-- Name: prefixes; Type: TABLE; Schema: public; Owner: knowledge; Tablespace: 
--

CREATE TABLE prefixes (
    id integer DEFAULT nextval('prefixes_id'::regclass) NOT NULL,
    prefix text NOT NULL,
    allow_before text DEFAULT ''::text NOT NULL,
    deny_before text DEFAULT ''::text NOT NULL,
    hard_sign_before text,
    change_i_with text
);


ALTER TABLE public.prefixes OWNER TO knowledge;

--
-- TOC entry 184 (class 1259 OID 16515)
-- Dependencies: 2069 6
-- Name: sentence_wordform_detailed; Type: VIEW; Schema: public; Owner: knowledge
--

CREATE VIEW sentence_wordform_detailed AS
    SELECT sentence_word.sentence_id, sentence_word.word_pos, sentence_word.word, words.type, words.rating, ending_fixed_rules.wcase, ending_fixed_rules.person, ending_fixed_rules.gender, ending_fixed_rules.sing_pl, ending_fixed_rules.tense, wordforms.word_id, wordforms.rule_id, sentence_word.preposition_id, (SELECT max(words.rating) AS max FROM (wordforms JOIN words ON ((wordforms.word_id = words.id))) WHERE (wordforms.wordform = sentence_word.word)) AS maxrating, sentence_word.dep_word_pos, ending_fixed_rules.subtype, wordforms.postfix_id, sentence_word.word_type_filter, sentence_word.subsentence_id, sentence_word.wcase_filter, sentence_word.gender_filter, sentence_word.sing_pl_filter FROM (((sentence_word JOIN wordforms ON ((sentence_word.word = wordforms.wordform))) JOIN words ON ((wordforms.word_id = words.id))) JOIN ending_fixed_rules ON (((words.rule_no = ending_fixed_rules.rule_no) AND (wordforms.rule_id = ending_fixed_rules.rule_id)))) ORDER BY sentence_word.sentence_id, sentence_word.word_pos;


ALTER TABLE public.sentence_wordform_detailed OWNER TO knowledge;

--
-- TOC entry 185 (class 1259 OID 16520)
-- Dependencies: 2070 6
-- Name: prepositions_stat; Type: VIEW; Schema: public; Owner: knowledge
--

CREATE VIEW prepositions_stat AS
    SELECT sentence_wordform_detailed.preposition_id, words.word, sentence_wordform_detailed.wcase, sum(sentence_wordform_detailed.rating) AS rating FROM (sentence_wordform_detailed JOIN words ON ((sentence_wordform_detailed.preposition_id = words.id))) WHERE (sentence_wordform_detailed.rating = sentence_wordform_detailed.maxrating) GROUP BY sentence_wordform_detailed.preposition_id, words.word, sentence_wordform_detailed.wcase HAVING ((sentence_wordform_detailed.preposition_id > 0) AND (sentence_wordform_detailed.wcase > 1)) ORDER BY words.word, sum(sentence_wordform_detailed.rating) DESC;


ALTER TABLE public.prepositions_stat OWNER TO knowledge;

--
-- TOC entry 186 (class 1259 OID 16524)
-- Dependencies: 2114 2115 6
-- Name: sentence_word_link; Type: TABLE; Schema: public; Owner: knowledge; Tablespace: 
--

CREATE TABLE sentence_word_link (
    sentence_id integer NOT NULL,
    word_pos integer NOT NULL,
    link_word_pos integer NOT NULL,
    type integer NOT NULL,
    wcase integer NOT NULL,
    gender integer NOT NULL,
    person integer NOT NULL,
    sing_pl integer NOT NULL,
    subtype integer DEFAULT 0 NOT NULL,
    conjunction_word_pos integer DEFAULT 0 NOT NULL
);


ALTER TABLE public.sentence_word_link OWNER TO knowledge;

--
-- TOC entry 187 (class 1259 OID 16529)
-- Dependencies: 2071 6
-- Name: sentence_word_link_detailed; Type: VIEW; Schema: public; Owner: knowledge
--

CREATE VIEW sentence_word_link_detailed AS
    SELECT link.sentence_id, word1.word_pos, word1.word, word2.word_pos AS link_word_pos, word2.word AS link_word, link.type, link.wcase, link.gender, link.person, link.sing_pl FROM ((sentence_word_link link JOIN sentence_word word1 ON (((word1.sentence_id = link.sentence_id) AND (word1.word_pos = link.word_pos)))) JOIN sentence_word word2 ON (((word2.sentence_id = link.sentence_id) AND (word2.word_pos = link.link_word_pos)))) ORDER BY link.sentence_id, word1.word_pos;


ALTER TABLE public.sentence_word_link_detailed OWNER TO knowledge;

--
-- TOC entry 203 (class 1259 OID 32195)
-- Dependencies: 2128 6
-- Name: sentence_word_relation; Type: TABLE; Schema: public; Owner: knowledge; Tablespace: 
--

CREATE TABLE sentence_word_relation (
    id integer NOT NULL,
    dep_id integer DEFAULT 0 NOT NULL,
    sentence_id integer NOT NULL,
    word1_pos integer NOT NULL,
    word1_type integer NOT NULL,
    word1_wcase integer NOT NULL,
    word1_gender integer NOT NULL,
    word1_sing_pl integer NOT NULL,
    word2_pos integer NOT NULL,
    word2_type integer NOT NULL,
    word2_wcase integer NOT NULL,
    word2_gender integer NOT NULL,
    word2_sing_pl integer NOT NULL,
    relation_type integer NOT NULL
);


ALTER TABLE public.sentence_word_relation OWNER TO knowledge;

--
-- TOC entry 189 (class 1259 OID 16539)
-- Dependencies: 6
-- Name: sentences; Type: TABLE; Schema: public; Owner: knowledge; Tablespace: 
--

CREATE TABLE sentences (
    id integer NOT NULL,
    sentence text,
    type integer
);


ALTER TABLE public.sentences OWNER TO knowledge;

--
-- TOC entry 190 (class 1259 OID 16545)
-- Dependencies: 6
-- Name: setup; Type: TABLE; Schema: public; Owner: knowledge; Tablespace: 
--

CREATE TABLE setup (
    id integer NOT NULL,
    split_delimiter text,
    hard_sign text,
    i text,
    negative text
);


ALTER TABLE public.setup OWNER TO knowledge;

--
-- TOC entry 201 (class 1259 OID 26442)
-- Dependencies: 2081 6
-- Name: simple_sentences; Type: VIEW; Schema: public; Owner: knowledge
--

CREATE VIEW simple_sentences AS
    SELECT sw.sentence_id, sw.subsentence_id, sw.word_pos, sw.sw_type, sw.word, sw.nominal_word, sw.nominal_ending, sw.rating, sw.rule_no, sw.type, sw.dep_word_pos FROM (sentence_wordform sw JOIN sentences ON ((sentences.id = sw.sentence_id))) WHERE (sentences.type = 1) ORDER BY sw.sentence_id, sw.word_pos;


ALTER TABLE public.simple_sentences OWNER TO knowledge;

--
-- TOC entry 191 (class 1259 OID 16555)
-- Dependencies: 2073 6
-- Name: skipped_sentences; Type: VIEW; Schema: public; Owner: knowledge
--

CREATE VIEW skipped_sentences AS
    SELECT sentences.id, sentences.sentence FROM (sentences LEFT JOIN sentence_word ON (((sentence_word.sentence_id = sentences.id) AND (sentence_word.type > 0)))) GROUP BY sentences.id, sentences.sentence, sentences.type, sentence_word.sentence_id HAVING ((sentences.type = 1) AND (sentence_word.sentence_id IS NULL)) ORDER BY sentences.id;


ALTER TABLE public.skipped_sentences OWNER TO knowledge;

--
-- TOC entry 192 (class 1259 OID 16559)
-- Dependencies: 2116 6
-- Name: sources; Type: TABLE; Schema: public; Owner: knowledge; Tablespace: 
--

CREATE TABLE sources (
    id integer NOT NULL,
    file_path text,
    action integer DEFAULT 0 NOT NULL
);


ALTER TABLE public.sources OWNER TO knowledge;

--
-- TOC entry 193 (class 1259 OID 16566)
-- Dependencies: 2074 6
-- Name: stats; Type: VIEW; Schema: public; Owner: knowledge
--

CREATE VIEW stats AS
    SELECT (SELECT count(*) AS count FROM sentence_word WHERE ((sentence_word.punctuation = false) AND (sentence_word.dep_word_pos > 0))) AS parsed_words, (SELECT count(*) AS count FROM sentence_word WHERE (sentence_word.punctuation = false)) AS total_words;


ALTER TABLE public.stats OWNER TO knowledge;

--
-- TOC entry 194 (class 1259 OID 16570)
-- Dependencies: 2075 6
-- Name: subst_subst_pair; Type: VIEW; Schema: public; Owner: knowledge
--

CREATE VIEW subst_subst_pair AS
    SELECT dep_words_pair.sentence_id, dep_words_pair.dep_word_pos, dep_words_pair.word AS substantive, dep_words_pair.dep_word AS genetive_substantive FROM dep_words_pair WHERE ((((dep_words_pair.type = 1) OR (dep_words_pair.type = 50)) AND ((dep_words_pair.dep_type = 1) OR (dep_words_pair.dep_type = 50))) AND (dep_words_pair.word_pos < dep_words_pair.dep_word_pos)) ORDER BY dep_words_pair.sentence_id, dep_words_pair.dep_word_pos;


ALTER TABLE public.subst_subst_pair OWNER TO knowledge;

--
-- TOC entry 195 (class 1259 OID 16574)
-- Dependencies: 2117 2118 2119 2120 2121 2122 2123 2124 2125 2126 2127 6
-- Name: transformations; Type: TABLE; Schema: public; Owner: knowledge; Tablespace: 
--

CREATE TABLE transformations (
    id integer NOT NULL,
    source_prefix text DEFAULT ''::text NOT NULL,
    source_suffix text DEFAULT ''::text NOT NULL,
    source_type integer DEFAULT 0 NOT NULL,
    target_prefix text DEFAULT ''::text NOT NULL,
    target_suffix text DEFAULT ''::text NOT NULL,
    target_type integer DEFAULT 0 NOT NULL,
    keep_rule boolean DEFAULT false NOT NULL,
    source_rule integer DEFAULT 0 NOT NULL,
    target_rule integer DEFAULT 0 NOT NULL,
    type integer DEFAULT 0 NOT NULL,
    line integer DEFAULT 0 NOT NULL
);


ALTER TABLE public.transformations OWNER TO knowledge;

--
-- TOC entry 196 (class 1259 OID 16591)
-- Dependencies: 2076 6
-- Name: verb_adverb_pair; Type: VIEW; Schema: public; Owner: knowledge
--

CREATE VIEW verb_adverb_pair AS
    SELECT dep_words_pair.sentence_id, dep_words_pair.word_pos, dep_words_pair.word AS verb, dep_words_pair.dep_word AS adverb FROM dep_words_pair WHERE ((dep_words_pair.type = 2) AND ((dep_words_pair.dep_type = 3) OR (dep_words_pair.dep_type = 98)));


ALTER TABLE public.verb_adverb_pair OWNER TO knowledge;

--
-- TOC entry 197 (class 1259 OID 16595)
-- Dependencies: 2077 6
-- Name: verb_infinitive_pair; Type: VIEW; Schema: public; Owner: knowledge
--

CREATE VIEW verb_infinitive_pair AS
    SELECT dep_words_pair.sentence_id, dep_words_pair.word_pos, dep_words_pair.word AS verb, dep_words_pair.dep_word AS infinitive FROM dep_words_pair WHERE ((dep_words_pair.type = 2) AND (dep_words_pair.dep_type = 2));


ALTER TABLE public.verb_infinitive_pair OWNER TO knowledge;

--
-- TOC entry 198 (class 1259 OID 16599)
-- Dependencies: 2078 6
-- Name: verb_subst_pair; Type: VIEW; Schema: public; Owner: knowledge
--

CREATE VIEW verb_subst_pair AS
    SELECT dep_words_pair.sentence_id, dep_words_pair.dep_word_pos, dep_words_pair.word AS verb, words.word AS prep, dep_words_pair.dep_word AS substantive FROM (dep_words_pair LEFT JOIN words ON ((words.id = dep_words_pair.preposition_id))) WHERE ((dep_words_pair.type = 2) AND (((dep_words_pair.dep_type = 1) OR (dep_words_pair.dep_type = 4)) OR (dep_words_pair.dep_type = 50))) ORDER BY dep_words_pair.sentence_id, dep_words_pair.dep_word_pos;


ALTER TABLE public.verb_subst_pair OWNER TO knowledge;

--
-- TOC entry 199 (class 1259 OID 16603)
-- Dependencies: 2079 6
-- Name: words_rating; Type: VIEW; Schema: public; Owner: knowledge
--

CREATE VIEW words_rating AS
    SELECT words.id, words.rule_no, (SELECT count(DISTINCT wordforms.wordform) AS count FROM wordforms WHERE (wordforms.word_id = words.id)) AS wordform_count, (SELECT count(DISTINCT ending_rules.ending) AS count FROM ending_rules WHERE (ending_rules.rule_no = words.rule_no)) AS rule_count FROM words ORDER BY words.id;


ALTER TABLE public.words_rating OWNER TO knowledge;

--
-- TOC entry 2190 (class 0 OID 16423)
-- Dependencies: 168
-- Data for Name: characters; Type: TABLE DATA; Schema: public; Owner: knowledge
--

COPY characters ("character", type, capital, sentence_end, ready) FROM stdin;
а	1	0	0	0
б	1	0	0	0
в	1	0	0	0
г	1	0	0	0
д	1	0	0	0
е	1	0	0	0
ё	1	0	0	0
ж	1	0	0	0
з	1	0	0	0
и	1	0	0	0
й	1	0	0	0
к	1	0	0	0
л	1	0	0	0
м	1	0	0	0
н	1	0	0	0
о	1	0	0	0
п	1	0	0	0
р	1	0	0	0
с	1	0	0	0
т	1	0	0	0
у	1	0	0	0
ф	1	0	0	0
х	1	0	0	0
ц	1	0	0	0
ч	1	0	0	0
ш	1	0	0	0
щ	1	0	0	0
ь	1	0	0	0
ы	1	0	0	0
ъ	1	0	0	0
э	1	0	0	0
ю	1	0	0	0
я	1	0	0	0
А	1	1	0	0
Б	1	1	0	0
В	1	1	0	0
Г	1	1	0	0
Д	1	1	0	0
Е	1	1	0	0
Ё	1	1	0	0
Ж	1	1	0	0
З	1	1	0	0
И	1	1	0	0
Й	1	1	0	0
К	1	1	0	0
Л	1	1	0	0
М	1	1	0	0
Н	1	1	0	0
О	1	1	0	0
П	1	1	0	0
Р	1	1	0	0
С	1	1	0	0
Т	1	1	0	0
У	1	1	0	0
Ф	1	1	0	0
Х	1	1	0	0
Ц	1	1	0	0
Ч	1	1	0	0
Ш	1	1	0	0
Щ	1	1	0	0
Ь	1	1	0	0
Ы	1	1	0	0
Ъ	1	1	0	0
Э	1	1	0	0
Ю	1	1	0	0
Я	1	1	0	0
.	0	0	1	1
?	0	0	1	0
!	0	0	1	0
"	0	0	0	0
:	0	0	0	0
/	0	0	0	0
(	0	0	0	0
)	0	0	0	0
<	0	0	0	0
>	0	0	0	0
[	0	0	0	0
]	0	0	0	0
-	2	0	0	1
{	0	0	0	0
}	0	0	0	0
*	0	0	0	0
,	0	0	0	1
;	0	0	0	1
\.


--
-- TOC entry 2191 (class 0 OID 16426)
-- Dependencies: 169
-- Data for Name: complex_word; Type: TABLE DATA; Schema: public; Owner: knowledge
--

COPY complex_word (word_id, word1, word2) FROM stdin;
\.


--
-- TOC entry 2192 (class 0 OID 16429)
-- Dependencies: 170
-- Data for Name: complex_word_template; Type: TABLE DATA; Schema: public; Owner: knowledge
--

COPY complex_word_template (id, word1_type, word1_subtype, word1_wcase, word2_type, word2_subtype, word2_wcase, word1_sing_pl, word2_sing_pl, delimiter) FROM stdin;
1	3	1	0	3	0	0	0	0	-
11	1	0	1	1	0	1	1	1	-
12	1	0	2	1	0	2	1	1	-
13	1	0	3	1	0	3	1	1	-
14	1	0	4	1	0	4	1	1	-
15	1	0	5	1	0	5	1	1	-
16	1	0	6	1	0	6	1	1	-
21	1	0	1	1	0	1	2	2	-
22	1	0	2	1	0	2	2	2	-
23	1	0	3	1	0	3	2	2	-
24	1	0	4	1	0	4	2	2	-
25	1	0	5	1	0	5	2	2	-
26	1	0	6	1	0	6	2	2	-
\.


--
-- TOC entry 2189 (class 0 OID 16410)
-- Dependencies: 166
-- Data for Name: ending_rules; Type: TABLE DATA; Schema: public; Owner: knowledge
--

COPY ending_rules (rule_no, type, ending, wcase, gender, person, sing_pl, tense, allow_after, deny_after, e_before, o_before, postfix, min_length, rule_id, subtype, rule_variance) FROM stdin;
87	2	ыви	0	0	2	1	9	\N	\N	\N	\N	1	2	757	1	0
2	1	я	4	1	3	1	0	б;в;д;з;л;м;н;п;р;с;т	\N	\N	\N	0	2	10	0	0
10	1	й	1	1	3	1	0	а;е;ё;и;о;у;э;ю;я	ну	\N	\N	0	2	55	0	0
10	1	я	2	1	3	1	0	а;е;ё;и;о;у;э;ю;я	ну	\N	\N	0	2	56	0	0
10	1	ю	3	1	3	1	0	а;е;ё;и;о;у;э;ю;я	ну	\N	\N	0	2	57	0	0
10	1	й	4	1	3	1	0	а;е;ё;и;о;у;э;ю;я	ну	\N	\N	0	2	58	0	0
10	1	е	6	1	3	1	0	а;е;ё;и;о;у;э;ю;я	ну	\N	\N	0	2	60	0	0
2	1	я	2	1	3	1	0	б;в;д;з;л;м;н;п;р;с;т	\N	\N	\N	0	2	8	0	0
6	1	о	4	3	3	1	0	б;в;г;д;з;л;м;н;р;с;т;х;ц	\N	\N	\N	0	2	34	0	0
6	1	е	6	3	3	1	0	б;в;г;д;з;л;м;н;р;с;т;х;ц	\N	\N	\N	0	2	36	0	0
22	1	а	2	3	3	1	0	к;ч	\N	\N	\N	0	2	1105	0	0
23	1	а	2	1	3	1	0	ж				0	2	1161	0	0
6	1	а	2	3	3	1	0	б;в;г;д;з;л;м;н;р;с;т;х;ц	\N	\N	\N	0	2	32	0	0
7	1	е	6	3	3	1	0	л;р	\N	\N	\N	0	2	42	0	0
6	1	у	3	3	3	1	0	б;в;г;д;з;л;м;н;р;с;т;х;ц	\N	\N	\N	0	2	33	0	0
7	1	я	2	3	3	1	0	л;р	\N	\N	\N	0	2	38	0	0
7	1	ю	3	3	3	1	0	л;р	\N	\N	\N	0	2	39	0	0
103	3		0	1	0	1	0	б;в;д;з;л;м;н;п;р;с;т	\N	н	\N	0	2	667	2	0
6	1	ом	5	3	3	1	0	б;в;г;д;з;л;м;н;р;с;т;х;ц	\N	\N	\N	0	2	35	0	0
23	1	у	3	1	3	1	0	ж				0	2	1162	0	0
2	1	е	6	1	3	1	0	б;в;д;з;л;м;н;п;р;с;т	\N	\N	\N	0	2	12	0	0
7	1	е	4	3	3	1	0	л;р	\N	\N	\N	0	2	40	0	0
6	1	о	1	3	3	1	0	б;в;г;д;з;л;м;н;р;с;т;х;ц	\N	\N	\N	0	2	31	0	0
22	1	у	3	3	3	1	0	к;ч	\N	\N	\N	0	2	1106	0	0
51	2	ешь	0	0	2	1	2	а;е;ё;я;у	ьну	\N	\N	2	2	403	1	0
8	1	ью	5	2	3	1	0	б;в;д;з;л;м;н;п;р;с;т;ф	\N	\N	в	0	2	47	0	0
104	3	ий	4	1	0	1	0	н	\N	\N	\N	0	2	426	0	0
8	1	ь	4	2	3	1	0	б;в;д;з;л;м;н;п;р;с;т;ф	\N	\N	в	0	2	46	0	0
8	1	и	2	2	3	1	0	б;в;д;з;л;м;н;п;р;с;т;ф	\N	\N	\N	0	2	44	0	0
3	1	а	1	2	3	1	0	б;в;д;ж;з;л;м;н;п;р;с;т;ф;ц	\N	\N	\N	0	2	13	0	0
52	2	ишь	0	0	2	1	2	д;с;ст;т	\N	\N	\N	2	2	946	1	0
52	2	ите	0	0	2	2	2	д;с;ст;т	\N	\N	\N	1	2	949	1	0
4	1	ям	3	2	3	2	0	д;з;л;н;р;с;т	\N	\N	\N	0	2	111	0	0
4	1	и	2	2	3	1	0	д;з;л;н;р;с;т	\N	\N	\N	0	2	20	0	0
5	1	ю	4	1	3	1	0	д;з;л;н;р;с;т	\N	\N	\N	0	2	28	0	0
5	1	е	6	1	3	1	0	д;з;л;н;р;с;т	\N	\N	\N	0	2	30	0	0
5	1	я	1	1	3	1	0	д;з;л;н;р;с;т	\N	\N	\N	0	2	25	0	0
8	1	и	3	2	3	1	0	б;в;д;з;л;м;н;п;р;с;т;ф	\N	\N	\N	0	2	45	0	0
4	1	е	3	2	3	1	0	д;з;л;н;р;с;т	\N	\N	\N	0	2	21	0	0
4	1	ю	4	2	3	1	0	д;з;л;н;р;с;т	\N	\N	\N	0	2	22	0	0
3	1	ы	2	2	3	1	0	б;в;д;ж;з;л;м;н;п;р;с;т;ф;ц	\N	\N	\N	0	2	14	0	0
3	1	у	4	2	3	1	0	б;в;д;ж;з;л;м;н;п;р;с;т;ф;ц	\N	\N	\N	0	2	16	0	0
3	1	е	6	2	3	1	0	б;в;д;ж;з;л;м;н;п;р;с;т;ф;ц	\N	\N	\N	0	2	18	0	0
10	1	ев	2	1	3	2	0	а;е;ё;и;о;у;э;ю;я	ну	\N	\N	0	2	146	0	0
2	1	и	1	1	3	2	0	б;в;д;з;л;м;н;п;р;с;т	\N	\N	\N	0	2	103	0	0
3	1	ой	5	2	3	1	0	б;в;д;ж;з;л;м;н;п;р;с;т;ф;ц	\N	\N	\N	0	2	17	0	1
4	1	ей	5	2	3	1	0	д;з;л;н;р;с;т	\N	\N	\N	0	2	23	0	1
4	1	ёю	5	2	3	1	0	д;з;л;н;р;с;т	\N	\N	\N	0	2	71	0	4
1	1	у	3	1	3	1	0	б;в;г;д;ж;з;к;л;м;н;п;р;с;т;х;ш	\N	\N	\N	0	2	3	0	0
1	1	ом	5	1	3	1	0	б;в;г;д;ж;з;к;л;м;н;п;р;с;т;х;ш	\N	\N	\N	0	2	5	0	0
9	1	ь	1	2	3	1	0	т;ч	\N	\N	\N	0	2	49	0	0
9	1	ери	2	2	3	1	0	т;ч	\N	\N	\N	0	2	50	0	0
9	1	ери	3	2	3	1	0	т;ч	\N	\N	\N	0	2	51	0	0
9	1	ь	4	2	3	1	0	т;ч	\N	\N	\N	0	2	52	0	0
9	1	ери	6	2	3	1	0	т;ч	\N	\N	\N	0	2	54	0	0
2	1	ей	2	1	3	2	0	б;в;д;з;л;м;н;п;р;с;т	\N	\N	\N	0	2	104	0	0
2	1	ь	1	1	3	1	0	б;в;д;з;л;м;н;п;р;с;т	\N	н	н	0	2	7	0	0
6	1	а	4	3	3	2	0	б;в;г;д;з;л;м;н;р;с;т;х;ц	\N	\N	\N	0	2	124	0	0
6	1	ам	3	3	3	2	0	б;в;г;д;з;л;м;н;р;с;т;х;ц	\N	\N	\N	0	2	123	0	0
7	1	я	4	3	3	2	0	л;р	\N	\N	\N	0	2	130	0	0
7	1	ями	5	3	3	2	0	л;р	\N	\N	\N	0	2	131	0	0
7	1	ях	6	3	3	2	0	л;р	\N	\N	\N	0	2	132	0	0
6	1	ах	6	3	3	2	0	б;в;г;д;з;л;м;н;р;с;т;х;ц	\N	\N	\N	0	2	126	0	0
7	1	я	1	3	3	2	0	л;р	\N	\N	\N	0	2	127	0	0
7	1	ям	3	3	3	2	0	л;р	\N	\N	\N	0	2	129	0	0
2	1	ей	4	1	3	2	0	б;в;д;з;л;м;н;п;р;с;т	\N	\N	\N	0	2	106	0	0
2	1	ях	6	1	3	2	0	б;в;д;з;л;м;н;п;р;с;т	\N	\N	\N	0	2	108	0	0
2	1	ям	3	1	3	2	0	б;в;д;з;л;м;н;п;р;с;т	\N	\N	\N	0	2	105	0	0
22	1	ом	5	3	3	1	0	к;ч	\N	\N	\N	0	2	1108	0	0
23	1	а	4	1	3	1	0	ж				0	2	1164	0	0
7	1	ей	2	3	3	2	0	л;р	\N	\N	\N	0	2	128	0	0
23	1	ем	5	1	3	1	0	ж				0	2	1165	0	0
6	1	а	1	3	3	2	0	б;в;г;д;з;л;м;н;р;с;т;х;ц	\N	\N	\N	0	2	121	0	0
22	1	е	6	3	3	1	0	к;ч	\N	\N	\N	0	2	1109	0	0
22	1		2	3	3	2	0	к;ч	\N	\N	\N	0	2	1111	0	0
22	1	ам	3	3	3	2	0	к;ч	\N	\N	\N	0	2	1112	0	0
22	1	и	1	3	3	2	0	к;ч	\N	\N	\N	0	2	1110	0	0
8	1	и	6	2	3	1	0	б;в;д;з;л;м;н;п;р;с;т;ф	\N	\N	\N	0	2	48	0	0
3	1	ы	1	2	3	2	0	б;в;д;ж;з;л;м;н;п;р;с;т;ф;ц	\N	\N	\N	0	2	91	0	0
8	1	ей	2	2	3	2	0	б;в;д;з;л;м;н;п;р;с;т;ф	\N	\N	\N	0	2	134	0	0
8	1	ь	1	2	3	1	0	б;в;д;з;л;м;н;п;р;с;т;ф	\N	\N	в	0	2	43	0	0
8	1	ями	5	2	3	2	0	б;в;д;з;л;м;н;п;р;с;т;ф	\N	\N	\N	0	2	137	0	0
103	3	ого	2	1	0	1	0	б;в;д;з;л;м;н;п;р;с;т	\N	\N	\N	0	2	256	0	0
8	1	ям	3	2	3	2	0	б;в;д;з;л;м;н;п;р;с;т;ф	\N	\N	\N	0	2	135	0	0
4	1	ь	2	2	3	2	0	д;з;л;н;р;с;т	\N	н	\N	0	2	110	0	0
41	1	а	2	1	3	1	0	з	\N	\N	\N	0	2	1272	0	0
5	1	ь	2	1	3	2	0	д;з;л;н;р;с;т	\N	н	\N	0	2	116	0	0
5	1	ями	5	1	3	2	0	д;з;л;н;р;с;т	\N	\N	\N	0	2	119	0	0
5	1	ях	6	1	3	2	0	д;з;л;н;р;с;т	\N	\N	\N	0	2	120	0	0
8	1	и	1	2	3	2	0	б;в;д;з;л;м;н;п;р;с;т;ф	\N	\N	\N	0	2	133	0	0
4	1	и	4	2	3	2	0	д;з;л;н;р;с;т	\N	\N	\N	0	2	112	0	0
4	1	ях	6	2	3	2	0	д;з;л;н;р;с;т	\N	\N	\N	0	2	114	0	0
3	1	ам	3	2	3	2	0	б;в;д;ж;з;л;м;н;п;р;с;т;ф;ц	\N	\N	\N	0	2	93	0	0
3	1	ами	5	2	3	2	0	б;в;д;ж;з;л;м;н;п;р;с;т;ф;ц	\N	\N	\N	0	2	95	0	0
3	1	ах	6	2	3	2	0	б;в;д;ж;з;л;м;н;п;р;с;т;ф;ц	\N	\N	\N	0	2	96	0	0
45	1	и	2	2	3	1	0	ж;ч;ш;щ	\N	\N		0	2	1260	0	0
10	1	ям	3	1	3	2	0	а;е;ё;и;о;у;э;ю;я	ну	\N	\N	0	2	147	0	0
10	1	ев	4	1	3	2	0	а;е;ё;и;о;у;э;ю;я	ну	\N	\N	0	2	148	0	0
4	1	ею	5	2	3	1	0	д;з;л;н;р;с;т	\N	\N	\N	0	2	77	0	2
2	1	ём	5	1	3	1	0	б;в;д;з;л;м;н;п;р;с;т	\N	\N	\N	0	2	89	0	2
9	1	ерей	4	2	3	2	0	т;ч	\N	\N	\N	0	2	142	0	0
1	1	ам	3	1	3	2	0	б;в;г;д;ж;з;к;л;м;н;п;р;с;т;х;ш	\N	\N	\N	0	2	99	0	0
1	1	ами	5	1	3	2	0	б;в;г;д;ж;з;к;л;м;н;п;р;с;т;х;ш	\N	\N	\N	0	2	101	0	0
1	1	а	4	1	3	2	0	б;в;г;д;ж;з;к;л;м;н;п;р;с;т;х;ш	\N	\N	\N	0	2	100	0	0
9	1	ерями	5	2	3	2	0	т;ч	\N	\N	\N	0	2	143	0	0
1	1	ов	2	1	3	2	0	б;в;г;д;ж;з;к;л;м;н;п;р;с;т;х;ш	\N	\N	\N	0	2	98	0	0
9	1	ери	1	2	3	2	0	т;ч	\N	\N	\N	0	2	139	0	0
9	1	ерям	3	2	3	2	0	т;ч	\N	\N	\N	0	2	141	0	0
9	1	ерях	6	2	3	2	0	т;ч	\N	\N	\N	0	2	144	0	0
9	1	ерей	2	2	3	2	0	т;ч	\N	\N	\N	0	2	140	0	0
51	2	ет	0	0	3	1	2	а;е;ё;я;у	ьну	\N	\N	2	2	404	1	0
23	1	ья	1	1	3	2	0	ж				0	2	1167	0	0
23	1	ей	2	1	3	2	0	ж				0	2	1168	0	0
23	1	ьям	3	1	3	2	0	ж				0	2	1169	0	0
23	1	ей	4	1	3	2	0	ж				0	2	1170	0	0
23	1	ья	4	1	3	2	0	ж				0	2	1171	0	0
10	1	ями	5	1	3	2	0	а;е;ё;и;о;у;э;ю;я	ну	\N	\N	0	2	149	0	0
10	1	ях	6	1	3	2	0	а;е;ё;и;о;у;э;ю;я	ну	\N	\N	0	2	150	0	0
23	1		1	1	3	1	0	ж				0	2	1160	0	0
23	1		4	1	3	1	0	ж				0	2	1163	0	0
23	1	е	6	1	3	1	0	ж				0	2	1166	0	0
23	1	ьями	5	1	3	2	0	ж				0	2	1172	0	0
8	1	и	4	2	3	2	0	б;в;д;з;л;м;н;п;р;с;т;ф	\N	\N	\N	0	2	136	0	0
45	1	и	3	2	3	1	0	ж;ч;ш;щ	\N	\N		0	2	1261	0	0
45	1	ью	5	2	3	1	0	ж;ч;ш;щ	\N	\N	ж;ш	0	2	1263	0	0
45	1	ей	2	2	3	2	0	ж;ч;ш;щ	\N	\N	\N	0	2	1266	0	0
45	1	и	6	2	3	1	0	ж;ч;ш;щ	\N	\N		0	2	1264	0	0
45	1	ам	3	2	3	2	0	ж;ч;ш;щ	\N	\N	\N	0	2	1267	0	0
45	1	ами	5	2	3	2	0	ж;ч;ш;щ	\N	\N	\N	0	2	1269	0	0
45	1	ь	1	2	3	1	0	ж;ч;ш;щ	\N	\N	ж;ш	0	2	1259	0	0
45	1	ь	4	2	3	1	0	ж;ч;ш;щ	\N	\N	ж;ш	0	2	1262	0	0
41	1	ом	5	1	3	1	0	з	\N	\N	\N	0	2	1275	0	0
41	1	е	6	1	3	1	0	з	\N	\N	\N	0	2	1276	0	0
41	1		4	1	3	1	0	з	\N	\N	\N	0	2	1274	0	0
3	1		2	2	3	2	0	б;в;д;ж;з;л;м;н;п;р;с;т;ф;ц	\N	\N	\N	0	2	92	0	0
16	1	а	1	2	3	1	0	г;к;х	\N	\N	\N	0	2	181	0	0
16	1	и	2	2	3	1	0	г;к;х	\N	\N	\N	0	2	182	0	0
16	1	е	3	2	3	1	0	г;к;х	\N	\N	\N	0	2	183	0	0
16	1	у	4	2	3	1	0	г;к;х	\N	\N	\N	0	2	184	0	0
16	1	и	1	2	3	2	0	г;к;х	\N	\N	\N	0	2	187	0	0
16	1	ам	3	2	3	2	0	г;к;х	\N	\N	\N	0	2	189	0	0
16	1	и	4	2	3	2	0	г;к;х	\N	\N	\N	0	2	190	0	0
16	1	ами	5	2	3	2	0	г;к;х	\N	\N	\N	0	2	191	0	0
16	1	ах	6	2	3	2	0	г;к;х	\N	\N	\N	0	2	192	0	0
45	1	и	1	2	3	2	0	ж;ч;ш;щ	\N	\N	\N	0	2	1265	0	0
45	1	и	4	2	3	2	0	ж;ч;ш;щ	\N	\N	\N	0	2	1268	0	0
45	1	ах	6	2	3	2	0	ж;ч;ш;щ	\N	\N	\N	0	2	1270	0	0
2	1	ь	4	1	3	1	0	б;в;д;з;л;м;н;п;р;с;т	\N	н	н	0	2	292	0	0
23	1	ьях	6	1	3	2	0	ж				0	2	1173	0	0
16	1	ой	5	2	3	1	0	г;к;х	\N	\N	\N	0	2	185	0	1
16	1	ою	5	2	3	1	0	г;к;х	\N	\N	\N	0	2	197	0	2
21	1	у	3	1	3	1	0	б;в;д;з;л;н;р;с;т;ф;ц				0	2	282	0	0
21	1	ом	5	1	3	1	0	б;в;д;з;л;н;р;с;т;ф;ц				0	2	284	0	0
21	1	е	6	1	3	1	0	б;в;д;з;л;н;р;с;т;ф;ц				0	2	285	0	0
2	1	и	4	1	3	2	0	б;в;д;з;л;м;н;п;р;с;т	\N		\N	0	2	294	0	0
22	1	о	1	3	3	1	0	к;ч	\N	\N	\N	0	2	1104	0	0
22	1	о	4	3	3	1	0	к;ч	\N	\N	\N	0	2	1107	0	0
201	50	й	1	1	0	1	0	о	\N	\N	\N	0	\N	312	0	0
22	1	ами	5	3	3	2	0	к;ч	\N	\N	\N	0	2	1114	0	0
22	1	ах	6	3	3	2	0	к;ч	\N	\N	\N	0	2	1115	0	0
22	1	и	4	3	3	2	0	к;ч	\N	\N	\N	0	2	1113	0	0
201	50	его	2	1	0	1	0	о	\N	\N	\N	0	\N	313	0	0
201	50	ему	3	1	0	1	0	о	\N	\N	\N	0	\N	314	0	0
201	50	й	4	1	0	1	0	о	\N	\N	\N	0	\N	315	0	0
51	2	л	0	1	0	1	1	а;е;ё;я;ова	\N	\N	\N	2	2	305	1	0
41	1		1	1	3	1	0	з	\N	\N	\N	0	2	1271	0	0
41	1	у	3	1	3	1	0	з	\N	\N	\N	0	2	1273	0	0
41	1	а	1	1	3	2	0	з	\N	\N	\N	0	2	1277	0	0
41	1	ам	3	1	3	2	0	з	\N	\N	\N	0	2	1279	0	0
41	1	а	4	1	3	2	0	з	\N	\N	\N	0	2	1280	0	0
41	1	ами	5	1	3	2	0	з	\N	\N	\N	0	2	1281	0	0
27	1	я	1	3	3	1	0	м	\N	\N	\N	0	2	390	0	0
27	1	ени	2	3	3	1	0	м	\N	\N	\N	0	2	391	0	0
27	1	ени	3	3	3	1	0	м	\N	\N	\N	0	2	392	0	0
27	1	я	4	3	3	1	0	м	\N	\N	\N	0	2	393	0	0
27	1	ем	5	3	3	1	0	м	\N	\N	\N	0	2	394	0	0
27	1	ени	6	3	3	1	0	м	\N	\N	\N	0	2	395	0	0
27	1	ена	1	3	3	2	0	м	\N	\N	\N	0	2	396	0	0
27	1	ен	2	3	3	2	0	м	\N	\N	\N	0	2	397	0	0
27	1	ам	3	3	3	2	0	м	\N	\N	\N	0	2	398	0	0
27	1	ена	4	3	3	2	0	м	\N	\N	\N	0	2	399	0	0
93	2	ю	0	0	1	1	2	а;е;о	\N	\N	\N	1	2	764	1	0
31	1	у	3	1	3	1	0	ц				0	2	1248	0	0
41	1	ах	6	1	3	2	0	з	\N	\N	\N	0	2	1282	0	0
41	1		2	1	3	2	0	з	\N	\N	\N	0	2	1278	0	0
8	1	ях	6	2	3	2	0	б;в;д;з;л;м;н;п;р;с;т;ф	\N	\N	\N	0	2	138	0	0
3	1	ы	4	2	3	2	0	б;в;д;ж;з;л;м;н;п;р;с;т;ф;ц	\N	\N	\N	0	2	94	0	0
103	3	ой	5	2	0	1	0	б;в;д;з;л;м;н;п;р;с;т	\N	\N	\N	0	2	265	0	0
27	1	ами	5	3	3	2	0	м	\N	\N	\N	0	2	400	0	0
27	1	ах	6	3	3	2	0	м	\N	\N	\N	0	2	401	0	0
201	50	ю	4	2	0	1	0	о	\N	\N	\N	0	\N	322	0	0
202	50	его	2	1	0	1	0	наш;ваш	\N	\N	\N	0	\N	339	0	0
202	50	ему	3	1	0	1	0	наш;ваш	\N	\N	\N	0	\N	340	0	0
202	50	его	4	1	0	1	0	наш;ваш	\N	\N	\N	0	\N	342	0	0
202	50	им	5	1	0	1	0	наш;ваш	\N	\N	\N	0	\N	343	0	0
202	50	ем	6	1	0	1	0	наш;ваш	\N	\N	\N	0	\N	344	0	0
60	2	и	0	0	2	1	9	с;з;раст	\N	\N	\N	1	2	959	1	0
202	50	а	1	2	0	1	0	наш;ваш	\N	\N	\N	0	\N	345	0	0
202	50	ей	3	2	0	1	0	наш;ваш	\N	\N	\N	0	\N	347	0	0
202	50	у	4	2	0	1	0	наш;ваш	\N	\N	\N	0	\N	348	0	0
18	1	е	3	2	3	1	0	ж;ч;ш;щ	\N	\N	\N	0	2	1019	0	0
18	1	у	4	2	3	1	0	ж;ч;ш;щ	\N	\N	\N	0	2	1020	0	0
202	50	ей	6	2	0	1	0	наш;ваш	\N	\N	\N	0	\N	350	0	0
18	1	е	6	2	3	1	0	ж;ч;ш;щ	\N	\N	\N	0	2	1022	0	0
18	1	и	1	2	3	2	0	ж;ч;ш;щ	\N	\N	\N	0	2	1023	0	0
18	1	и	2	2	3	1	0	ж;ч;ш;щ	\N	\N	\N	0	2	1018	0	0
202	50	ей	5	2	0	1	0	наш;ваш	\N	\N	\N	0	\N	349	0	0
202	50	е	1	3	0	1	0	наш;ваш	\N	\N	\N	0	\N	351	0	0
202	50	ему	3	3	0	1	0	наш;ваш	\N	\N	\N	0	\N	353	0	0
202	50	е	4	3	0	1	0	наш;ваш	\N	\N	\N	0	\N	354	0	0
202	50	им	5	3	0	1	0	наш;ваш	\N	\N	\N	0	\N	355	0	0
51	2	ем	0	0	1	2	2	а;е;ё;я;у	ьну	\N	\N	2	2	405	1	0
51	2	ете	0	0	2	2	2	а;е;ё;я;у	ьну	\N	\N	1	2	406	1	0
51	2	ют	0	0	3	2	2	а;е;ё;я;у	ьну	\N	\N	2	2	407	1	0
51	2	я	0	0	0	0	11	а;е;ё;я;у	ьну	\N	\N	1	2	408	2	0
51	2	в	0	0	0	0	12	а;е;ё;я;ова	\N	\N	\N	3	2	409	2	0
30	1	е	6	3	3	1	0	ь	\N	\N	\N	0	2	456	0	0
30	1	е	1	3	3	1	0	ь	\N	\N	\N	0	2	451	0	0
30	1	я	2	3	3	1	0	ь	\N	\N	\N	0	2	452	0	0
20	1	а	4	1	3	1	0	ч;щ				0	2	1116	0	0
20	1	ей	4	1	3	2	0	ч;щ				0	2	1117	0	0
21	1	ы	1	1	3	2	0	б;в;д;з;л;н;р;с;т;ф;ц				0	2	286	0	0
21	1	ов	2	1	3	2	0	б;в;д;з;л;н;р;с;т;ф;ц				0	2	287	0	0
21	1	ы	4	1	3	2	0	б;в;д;з;л;н;р;с;т;ф;ц				0	2	289	0	0
21	1	ами	5	1	3	2	0	б;в;д;з;л;н;р;с;т;ф;ц				0	2	290	0	0
21	1	ах	6	1	3	2	0	б;в;д;з;л;н;р;с;т;ф;ц				0	2	291	0	0
21	1		1	1	3	1	0	б;в;д;з;л;н;р;с;т;ф;ц		р;ц	л;н	0	2	280	0	0
21	1		4	1	3	1	0	б;в;д;з;л;н;р;с;т;ф;ц		р;ц	л;н	0	2	283	0	0
9	1	ерью	5	2	3	1	0	т;ч	\N	\N	\N	0	2	53	0	0
30	1	ю	3	3	3	1	0	ь	\N	\N	\N	0	2	453	0	0
30	1	е	4	3	3	1	0	ь	\N	\N	\N	0	2	454	0	0
30	1	ем	5	3	3	1	0	ь	\N	\N	\N	0	2	455	0	0
30	1	я	1	3	3	2	0	ь	\N	\N	\N	0	2	457	0	0
30	1	ев	2	3	3	2	0	ь	\N	\N	\N	0	2	458	0	0
30	1	ям	3	3	3	2	0	ь	\N	\N	\N	0	2	459	0	0
30	1	я	4	3	3	2	0	ь	\N	\N	\N	0	2	460	0	0
30	1	ями	5	3	3	2	0	ь	\N	\N	\N	0	2	461	0	0
30	1	ях	6	3	3	2	0	ь	\N	\N	\N	0	2	462	0	0
28	1	а	2	3	3	1	0	ц;щ;ж	\N	\N	\N	0	2	411	0	0
28	1	ам	3	3	3	2	0	ц;щ;ж	\N	\N	\N	0	2	418	0	0
18	1	а	1	2	3	1	0	ж;ч;ш;щ	\N	\N	\N	0	2	1017	0	0
73	2	ило	0	3	0	1	1	ж;ч;ш;щ	\N	\N	\N	1	2	897	1	0
75	2	ить	0	0	0	0	0	ж	\N	\N	\N	2	\N	707	0	0
75	2	у	0	0	1	1	2	жив	\N	\N	\N	1	\N	712	1	0
54	2	ев	0	0	0	0	12	ер	\N	р	\N	3	3	874	2	0
31	1	ом	5	1	3	1	0	ц				0	2	1250	0	0
31	1	е	6	1	3	1	0	ц				0	2	1251	0	0
31	1	ы	1	1	3	2	0	ц				0	2	1252	0	0
101	3	ый	1	1	0	1	0	б;в;д;з;л;м;н;п;р;с;т	\N	\N	\N	0	2	205	0	0
31	1	ев	2	1	3	2	0	ц				0	2	1253	0	0
40	1	а	2	1	3	1	0	с				0	2	1284	0	0
40	1	у	3	1	3	1	0	с				0	2	1285	0	0
40	1	а	4	1	3	1	0	с				0	2	1287	0	0
40	1	ом	5	1	3	1	0	с				0	2	1288	0	0
38	1	е	3	2	3	1	0	н	\N	\N	\N	0	2	1300	0	0
38	1	ю	4	2	3	1	0	н	\N	\N	\N	0	2	1301	0	0
38	1	ей	5	2	3	1	0	н	\N	\N	\N	0	2	1302	0	0
38	1	е	6	2	3	1	0	н	\N	\N	\N	0	2	1303	0	0
38	1	и	1	2	3	2	0	н	\N	\N	\N	0	2	1304	0	0
40	1		1	1	3	1	0	с		\N	\N	0	2	1283	0	0
38	1	я	1	2	3	1	0	н	\N	\N	\N	0	2	1298	0	0
38	1	и	2	2	3	1	0	н	\N	\N	\N	0	2	1299	0	0
40	1		4	1	3	1	0	с		\N	\N	0	2	1286	0	0
40	1	е	6	1	3	1	0	с				0	2	1289	0	0
40	1	ы	1	1	3	2	0	с				0	2	1290	0	0
40	1		2	1	3	2	0	с				0	2	1291	0	0
40	1	ам	3	1	3	2	0	с				0	2	1292	0	0
40	1	ы	4	1	3	2	0	с				0	2	1293	0	0
40	1	ами	5	1	3	2	0	с				0	2	1294	0	0
40	1	ах	6	1	3	2	0	с				0	2	1295	0	0
16	1		2	2	3	2	0	г;к;х	\N	к	\N	0	2	188	0	0
18	1	и	4	2	3	2	0	ж;ч;ш;щ	\N	\N	\N	0	2	1026	0	0
18	1	ами	5	2	3	2	0	ж;ч;ш;щ	\N	\N	\N	0	2	1027	0	0
62	2	ли	0	0	0	2	1	е	\N	\N	\N	1	2	994	1	0
18	1	ах	6	2	3	2	0	ж;ч;ш;щ	\N	\N	\N	0	2	1028	0	0
62	2	у	0	0	1	1	2	ет	\N	\N	\N	1	2	995	1	0
28	1	е	1	3	3	1	0	ц;щ;ж	\N	\N	\N	0	2	410	0	0
6	1		2	3	3	2	0	б;в;г;д;з;л;м;н;р;с;т;х;ц	\N	\N	н	0	2	122	0	0
28	1	у	3	3	3	1	0	ц;щ;ж	\N	\N	\N	0	2	412	0	0
28	1	е	4	3	3	1	0	ц;щ;ж	\N	\N	\N	0	2	413	0	0
28	1	ем	5	3	3	1	0	ц;щ;ж	\N	\N	\N	0	2	414	0	0
28	1	е	6	3	3	1	0	ц;щ;ж	\N	\N	\N	0	2	415	0	0
28	1	а	1	3	3	2	0	ц;щ;ж	\N	\N	\N	0	2	416	0	0
28	1		2	3	3	2	0	ц;щ;ж	\N	ц	\N	0	2	417	0	0
28	1	а	4	3	3	2	0	ц;щ;ж	\N	\N	\N	0	2	419	0	0
28	1	ами	5	3	3	2	0	ц;щ;ж	\N	\N	\N	0	2	420	0	0
28	1	ах	6	3	3	2	0	ц;щ;ж	\N	\N	\N	0	2	421	0	0
29	1	а	2	1	3	1	0	ж;ч;ш;щ				0	2	1119	0	0
62	2	ешь	0	0	2	1	2	ет	\N	\N	\N	2	2	996	1	0
62	2	ло	0	3	0	1	1	е	\N	\N	\N	1	2	993	1	0
39	1	и	2	2	3	1	0	е;й;о;у	\N	\N	\N	0	2	1311	0	0
202	50		1	1	0	1	0	наш;ваш	\N	\N	\N	0	\N	338	0	0
18	1	ам	3	2	3	2	0	ж;ч;ш;щ	\N	\N	\N	0	2	1025	0	0
102	3	ий	4	1	0	1	0	г;к	\N	\N	\N	0	2	449	0	0
31	1	а	2	1	3	1	0	ц				0	2	1247	0	0
18	1		2	2	3	2	0	ж;ч;ш;щ	\N	\N	\N	0	2	1024	0	0
31	1	а	4	1	3	1	0	ц				0	2	1258	0	0
31	1		1	1	3	1	0	ц		ц	\N	0	2	1246	0	0
31	1	ами	5	1	3	2	0	ц				0	2	1256	0	0
1	1		4	1	3	1	0	б;в;г;д;ж;з;к;л;м;н;п;р;с;т;х;ш	\N	\N	\N	0	2	4	0	0
91	2	ав	0	0	0	0	12	з;д;р;х;с	\N	\N	\N	3	2	524	2	0
61	2	ло	0	3	0	1	1	е;у;ю	\N	\N	\N	1	2	964	1	0
61	2	ли	0	0	0	2	1	е;у;ю	\N	\N	\N	1	2	965	1	0
62	2	ет	0	0	3	1	2	ет	\N	\N	\N	2	2	997	1	0
61	2	л	0	1	0	1	1	е;у;ю	\N	\N	\N	2	2	962	1	0
61	2	ла	0	2	0	1	1	е;у;ю	\N	\N	\N	1	2	963	1	0
31	1	ы	4	1	3	2	0	ц				0	2	1255	0	0
31	1	ах	6	1	3	2	0	ц				0	2	1257	0	0
31	1		4	1	3	1	0	ц		ц	\N	0	2	1249	0	0
2	1	ю	3	1	3	1	0	б;в;д;з;л;м;н;п;р;с;т	\N	\N	\N	0	2	9	0	0
2	1	ями	5	1	3	2	0	б;в;д;з;л;м;н;п;р;с;т	\N	\N	\N	0	2	107	0	0
73	2	ит	0	0	3	1	2	ж;ч;ш;щ	\N	\N	\N	2	2	901	1	0
73	2	им	0	0	1	2	2	ж;ч;ш;щ	\N	\N	\N	2	2	902	1	0
73	2	ите	0	0	2	2	2	ж;ч;ш;щ	\N	\N	\N	1	2	903	1	0
73	2	а	0	0	0	0	11	ж;ч;ш;щ	\N	\N	\N	1	2	905	2	0
73	2	ат	0	0	3	2	2	ж;ч;ш;щ	\N	\N	\N	2	2	904	1	0
73	2	ил	0	1	0	1	1	ж;ч;ш;щ	\N	\N	\N	2	2	895	1	0
54	2	еть	0	0	0	0	0	ер	\N	р	\N	2	3	467	0	0
58	2	ете	0	0	2	2	2	н	\N	\N	\N	1	2	510	1	0
58	2	ув	0	0	0	0	12	н	\N	\N	\N	3	2	512	2	0
107	3	ы	1	0	0	2	0	ин	\N	\N	\N	0	4	1194	0	0
106	3	ого	2	1	0	1	0	г;ж;к;ш;х	\N	\N	\N	0	2	1073	0	0
38	1	ями	5	2	3	2	0	н	\N	\N	\N	0	2	1308	0	0
38	1	ях	6	2	3	2	0	н	\N	\N	\N	0	2	1309	0	0
38	1	ям	3	2	3	2	0	н	\N	\N	\N	0	2	1306	0	0
38	1	и	4	2	3	2	0	н	\N	\N	\N	0	2	1307	0	0
38	1		2	2	3	2	0	н	\N	н	\N	0	2	1305	0	0
39	1	я	1	2	3	1	0	е;й;о;у	\N	\N	\N	0	2	1310	0	0
39	1	ей	5	2	3	1	0	е;й;о;у	\N	\N	\N	0	2	1314	0	0
4	1	е	6	2	3	1	0	д;з;л;н;р;с;т	\N	\N	\N	0	2	24	0	0
39	1	е	3	2	3	1	0	е;й;о;у	\N	\N	\N	0	2	1312	0	0
39	1	ю	4	2	3	1	0	е;й;о;у	\N	\N	\N	0	2	1313	0	0
85	2	ем	0	0	1	2	2	буд	\N	\N	\N	2	\N	728	1	0
29	1	е	6	1	3	1	0	ж;ч;ш;щ				0	2	1124	0	0
202	50	ей	2	2	0	1	0	наш;ваш	\N	\N	\N	0	\N	346	0	0
62	2	ем	0	0	1	2	2	ет	\N	\N	\N	2	2	998	1	0
62	2	ете	0	0	2	2	2	ет	\N	\N	\N	1	2	999	1	0
29	1		4	1	3	1	0	ж;ч;ш;щ				0	2	1121	0	0
29	1	ем	5	1	3	1	0	ж;ч;ш;щ				0	2	1123	0	0
31	1	ам	3	1	3	2	0	ц				0	2	1254	0	0
62	2	ут	0	0	3	2	2	ет	\N	\N	\N	2	2	1000	1	0
62	2	я	0	0	0	0	11	ет	\N	\N	\N	1	2	1001	2	0
62	2	и	0	0	2	1	9	ет	\N	\N	\N	1	2	1002	1	0
62	2	ите	0	0	2	2	9	ет	\N	\N	\N	1	2	1003	1	0
5	1	ям	3	1	3	2	0	д;з;л;н;р;с;т	\N	\N	\N	0	2	117	0	0
4	1	я	1	2	3	1	0	д;з;л;н;р;с;т	\N	\N	\N	0	2	19	0	0
5	1	и	4	1	3	2	0	д;з;л;н;р;с;т	\N	\N	\N	0	2	118	0	0
105	3	им	3	0	0	2	0	ж;ч;ш;щ	\N	\N	\N	2	2	546	0	0
105	3	ие	4	0	0	2	0	ж;ч;ш;щ	\N	\N	\N	2	2	547	0	0
105	3	их	4	1	0	2	0	ж;ч;ш;щ	\N	\N	\N	2	2	548	0	0
105	3	ими	5	0	0	2	0	ж;ч;ш;щ	\N	\N	\N	2	2	549	0	0
105	3	их	6	0	0	2	0	ж;ч;ш;щ	\N	\N	\N	2	2	550	0	0
105	3	е	0	0	0	0	0	ж;ч;ш;щ	\N	\N	\N	0	2	551	1	0
60	2	я	0	0	0	0	11	с;з;раст	\N	\N	\N	1	2	957	2	0
62	2	сти	0	0	0	0	0	е	\N	\N	\N	1	2	990	0	0
60	2	ти	0	0	0	0	0	с;з;рас	\N	\N	\N	1	2	576	0	0
60	2		0	1	0	1	1	с;з;рос	\N	\N	\N	2	2	577	1	0
44	1	и	2	2	3	1	0	и	\N	\N	\N	0	2	647	0	0
43	1	ю	3	3	3	1	0	и	\N	\N	\N	0	2	636	0	0
43	1	е	4	3	3	1	0	и	\N	\N	\N	0	2	637	0	0
43	1	ем	5	3	3	1	0	и	\N	\N	\N	0	2	638	0	0
43	1	и	6	3	3	1	0	и	\N	\N	\N	0	2	639	0	0
43	1	я	1	3	3	2	0	и	\N	\N	\N	0	2	640	0	0
44	1	и	3	2	3	1	0	и	\N	\N	\N	0	2	648	0	0
44	1	ю	4	2	3	1	0	и	\N	\N	\N	0	2	649	0	0
43	1	е	1	3	3	1	0	и	\N	\N	\N	0	2	634	0	0
43	1	й	2	3	3	2	0	и	\N	\N	\N	0	2	641	0	0
43	1	ям	3	3	3	2	0	и	\N	\N	\N	0	2	642	0	0
43	1	я	4	3	3	2	0	и	\N	\N	\N	0	2	643	0	0
73	2	и	0	0	2	1	9	ж;ч;ш;щ	\N	\N	\N	1	2	907	1	1
21	1	а	2	1	3	1	0	б;в;д;з;л;н;р;с;т;ф;ц				0	2	281	0	0
43	1	ями	5	3	3	2	0	и	\N	\N	\N	0	2	644	0	0
43	1	ях	6	3	3	2	0	и	\N	\N	\N	0	2	645	0	0
103	3	ое	4	3	0	1	0	б;в;д;з;л;м;н;п;р;с;т	\N	\N	\N	0	2	270	0	0
104	3	ий	1	1	0	1	0	н	\N	\N	\N	0	2	422	0	0
53	2	ет	0	0	3	1	2	ч;щ	\N	\N	\N	2	2	559	1	0
53	2	еть	0	0	0	0	0	т;ст	\N	\N	\N	2	2	552	0	0
58	2	уть	0	0	0	0	0	н	\N	\N	\N	2	2	501	0	0
58	2	ут	0	0	3	2	2	н	\N	\N	\N	2	2	511	1	0
68	2	у	0	0	1	1	2	ег;иг;ог;яг	\N	\N	\N	1	2	594	1	0
68	2	ет	0	0	3	1	2	еж;иж;ож;яж;	\N	\N	\N	2	2	596	1	0
104	3	его	2	1	0	1	0	н	\N	\N	\N	0	2	423	0	0
104	3	ему	3	1	0	1	0	н	\N	\N	\N	0	2	424	0	0
39	1	и	4	2	3	2	0	е;й;о;у	\N	\N	\N	0	2	1319	0	0
39	1	е	6	2	3	1	0	е;й;о;у	\N	\N	\N	0	2	1315	0	0
39	1	ях	6	2	3	2	0	е;й;о;у	\N	\N	\N	0	2	1321	0	0
3	1	е	3	2	3	1	0	б;в;д;ж;з;л;м;н;п;р;с;т;ф;ц	\N	\N	\N	0	2	15	0	0
4	1	ями	5	2	3	2	0	д;з;л;н;р;с;т	\N	\N	\N	0	2	113	0	0
39	1	ями	5	2	3	2	0	е;й;о;у	\N	\N	\N	0	2	1320	0	0
4	1	и	1	2	3	2	0	д;з;л;н;р;с;т	\N	\N	\N	0	2	109	0	0
39	1	ям	3	2	3	2	0	е;й;о;у	\N	\N	\N	0	2	1318	0	0
5	1	е	3	1	3	1	0	д;з;л;н;р;с;т	\N	\N	\N	0	2	27	0	0
39	1	й	2	2	3	2	0	е;й;о;у	\N	\N	\N	0	2	1317	0	0
39	1	и	1	2	3	2	0	е;й;о;у	\N	\N	\N	0	2	1316	0	0
79	2	ьют	0	0	3	2	2	б;л;п;ш	\N	\N	\N	2	\N	704	1	0
86	2	ойте	0	0	2	2	9	\N	\N	\N	\N	1	\N	781	1	0
44	1	ей	5	2	3	1	0	и	\N	\N	\N	0	2	650	0	0
44	1	и	6	2	3	1	0	и	\N	\N	\N	0	2	651	0	0
43	1	я	2	3	3	1	0	и	\N	\N	\N	0	2	635	0	0
44	1	и	1	2	3	2	0	и	\N	\N	\N	0	2	652	0	0
44	1	й	2	2	3	2	0	и	\N	\N	\N	0	2	653	0	0
44	1	ям	3	2	3	2	0	и	\N	\N	\N	0	2	654	0	0
42	1	и	1	1	3	2	0	г;к;х				0	2	607	0	0
44	1	я	1	2	3	1	0	и	\N	\N	\N	0	2	646	0	0
44	1	и	4	2	3	2	0	и	\N	\N	\N	0	2	655	0	0
44	1	ями	5	2	3	2	0	и	\N	\N	\N	0	2	656	0	0
44	1	ях	6	2	3	2	0	и	\N	\N	\N	0	2	657	0	0
104	3	его	4	1	0	1	0	н	\N	\N	\N	0	2	425	0	0
29	1	ей	2	1	3	2	0	ж;ч;ш;щ				0	2	1126	0	0
151	4	ь	4	0	3	2	0	т;м	\N	\N	\N	0	2	1057	0	0
151	4	ью	5	0	3	2	0	т;м	\N	\N	\N	0	2	1058	0	0
151	4	и	6	0	3	2	0	т;м	\N	\N	\N	0	2	1059	0	0
151	4	ь	1	0	3	2	0	т;м	\N	\N	\N	0	2	1053	0	0
151	4	и	2	0	3	2	0	т;м	\N	\N	\N	0	2	1055	0	0
151	4	и	3	0	3	2	0	т;м	\N	\N	\N	0	2	1056	0	0
42	1	ов	2	1	3	2	0	г;к;х				0	2	608	0	0
42	1	ам	3	1	3	2	0	г;к;х				0	2	609	0	0
42	1	и	4	1	3	2	0	г;к;х				0	2	610	0	0
42	1		1	1	3	1	0	г;к;х		к	к	0	2	601	0	0
42	1	а	2	1	3	1	0	г;к;х				0	2	602	0	0
61	2	ешь	0	0	2	1	2	ед;уд;юд	\N	\N	\N	2	2	967	1	0
42	1	у	3	1	3	1	0	г;к;х				0	2	603	0	0
42	1	ами	5	1	3	2	0	г;к;х				0	2	611	0	0
10	1	ем	5	1	3	1	0	а;е;ё;и;о;у;э;ю;я	ну	\N	\N	0	2	59	0	0
10	1	и	1	1	3	2	0	а;е;ё;и;о;у;э;ю;я	ну	\N	\N	0	2	145	0	0
103	3	ой	4	1	0	1	0	б;в;д;з;л;м;н;п;р;с;т	\N	\N	\N	0	2	258	0	0
7	1	ем	5	3	3	1	0	л;р	\N	\N	\N	0	2	41	0	0
91	2	ешь	0	0	2	1	2	ж;д;р;ш;ш	вш	р	\N	2	2	519	1	0
1	1	а	1	1	3	2	0	б;в;г;д;ж;з;к;л;м;н;п;р;с;т;х;ш	\N	\N	\N	0	2	97	0	0
1	1	ах	6	1	3	2	0	б;в;г;д;ж;з;к;л;м;н;п;р;с;т;х;ш	\N	\N	\N	0	2	102	0	0
77	2	и	0	0	2	1	9	л;н;р	\N	\N	\N	1	2	574	1	1
1	1	а	2	1	3	1	0	б;в;г;д;ж;з;к;л;м;н;п;р;с;т;х;ш	\N	\N	\N	0	2	2	0	0
1	1	е	6	1	3	1	0	б;в;г;д;ж;з;к;л;м;н;п;р;с;т;х;ш	\N	\N	\N	0	2	6	0	0
21	1	ам	3	1	3	2	0	б;в;д;з;л;н;р;с;т;ф;ц				0	2	288	0	0
103	3	ым	5	1	0	1	0	б;в;д;з;л;м;н;п;р;с;т	\N	\N	\N	0	2	259	0	0
42	1	ах	6	1	3	2	0	г;к;х				0	2	612	0	0
42	1		4	1	3	1	0	г;к;х		к	к	0	2	604	0	0
42	1	ом	5	1	3	1	0	г;к;х				0	2	605	0	0
42	1	е	6	1	3	1	0	г;к;х				0	2	606	0	0
75	2	ет	0	0	3	1	2	жив	\N	\N	\N	2	\N	714	1	0
79	2	ив	0	0	0	0	12	б;л;п;ш	\N	\N	\N	3	\N	705	2	0
79	2	ить	0	0	0	0	0	б;л;п;ш	\N	\N	\N	2	\N	694	0	0
80	2	ить	0	0	0	0	0	б;в;м;п;ф	\N	\N	\N	2	2	681	0	0
80	2	ив	0	0	0	0	12	б;в;м;п;ф	\N	\N	\N	3	2	693	2	0
80	2	лю	0	0	1	1	2	б;в;м;п;ф	\N	\N	\N	1	2	686	1	0
93	2	я	0	0	0	0	11	а;е;о	\N	\N	\N	1	2	770	2	0
93	2	й	0	0	2	1	9	а;е;о	\N	\N	\N	2	2	772	1	0
85	2	ь	0	0	2	1	9	буд	\N	\N	\N	2	\N	782	1	0
85	2	ыть	0	0	0	0	0	б	\N	\N	\N	2	\N	720	0	0
85	2	у	0	0	1	1	2	буд	\N	\N	\N	1	\N	725	1	0
85	2	ешь	0	0	2	1	2	буд	\N	\N	\N	2	\N	726	1	0
85	2	ет	0	0	3	1	2	буд	\N	\N	\N	2	\N	727	1	0
85	2	ыв	0	0	0	0	12	б	\N	\N	\N	0	\N	731	2	0
85	2	ьте	0	0	2	2	9	буд	\N	\N	\N	1	\N	783	1	0
86	2	ыть	0	0	0	0	0	\N	\N	\N	\N	2	\N	732	0	0
62	2	ла	0	2	0	1	1	е	\N	\N	\N	1	2	992	1	0
61	2	ет	0	0	3	1	2	ед;уд;юд	\N	\N	\N	2	2	968	1	0
61	2	ем	0	0	1	2	2	ед;уд;юд	\N	\N	\N	2	2	969	1	0
61	2	ете	0	0	2	2	2	ед;уд;юд	\N	\N	\N	1	2	970	1	0
61	2	ут	0	0	3	2	2	ед;уд;юд	\N	\N	\N	2	2	971	1	0
61	2	я	0	0	0	0	11	ед;уд;юд	\N	\N	\N	1	2	972	2	0
61	2	и	0	0	2	1	9	ед;уд;юд	\N	\N	\N	1	2	974	1	0
61	2	ите	0	0	2	2	9	ед;уд;юд	\N	\N	\N	1	2	975	1	0
62	2	л	0	1	0	1	1	е	\N	\N	\N	2	2	991	1	0
61	2	сти	0	0	0	0	0	е;у;ю	\N	\N	\N	1	2	961	0	0
5	1	ей	5	1	3	1	0	д;з;л;н;р;с;т	\N	\N	\N	0	2	29	0	0
5	1	и	2	1	3	1	0	д;з;л;н;р;с;т	\N	\N	\N	0	2	26	0	0
61	2	у	0	0	1	1	2	ед;уд;юд	\N	\N	\N	1	2	966	1	0
86	2	ой	0	0	2	1	9	\N	\N	\N	\N	2	\N	780	1	0
86	2	ою	0	0	1	1	2	\N	\N	\N	\N	1	\N	737	1	0
86	2	оешь	0	0	2	1	2	\N	\N	\N	\N	2	\N	738	1	0
86	2	оет	0	0	3	1	2	\N	\N	\N	\N	2	\N	739	1	0
86	2	оем	0	0	1	2	2	\N	\N	\N	\N	2	\N	740	1	0
86	2	оете	0	0	2	2	2	\N	\N	\N	\N	1	\N	741	1	0
86	2	оют	0	0	3	2	2	\N	\N	\N	\N	2	\N	742	1	0
60	2	ите	0	0	2	2	9	с;з;раст	\N	\N	\N	1	2	960	1	0
86	2	ыв	0	0	0	0	12	\N	\N	\N	\N	0	\N	743	2	0
87	2	ывет	0	0	3	1	2	\N	\N	\N	\N	2	2	751	1	0
87	2	ывем	0	0	1	2	2	\N	\N	\N	\N	2	2	752	1	0
87	2	ывете	0	0	2	2	2	\N	\N	\N	\N	1	2	753	1	0
87	2	ывя	0	0	0	0	11	\N	\N	\N	\N	1	2	755	2	0
6	1	ами	5	3	3	2	0	б;в;г;д;з;л;м;н;р;с;т;х;ц	\N	\N	\N	0	2	125	0	0
7	1	е	1	3	3	1	0	л;р	\N	\N	\N	0	2	37	0	0
37	1	ьи	2	2	3	1	0	\N	\N	\N	\N	0	2	1323	0	0
37	1	ье	3	2	3	1	0	\N	\N	\N	\N	0	2	1324	0	0
37	1	ью	4	2	3	1	0	\N	\N	\N	\N	0	2	1325	0	0
37	1	ьей	5	2	3	1	0	\N	\N	\N	\N	0	2	1326	0	0
37	1	ье	6	2	3	1	0	\N	\N	\N	\N	0	2	1328	0	0
37	1	ьи	1	2	3	2	0	\N	\N	\N	\N	0	2	1329	0	0
51	2	й	0	0	2	1	9	а;е;ё;я;у	ьну	\N	\N	2	2	892	1	0
77	2	я	0	0	0	0	11	л;н;р	\N	\N	\N	1	3	828	2	0
77	2	ив	0	0	0	0	12	л;н;р	\N	\N	\N	3	3	829	2	0
79	2	ей	0	0	2	1	9	б;л;п;ш	\N	\N	\N	2	\N	786	1	0
79	2	ейте	0	0	2	2	9	б;л;п;ш	\N	\N	\N	1	\N	787	1	0
80	2	ишь	0	0	2	1	2	б;в;м;п;ф	\N	\N	\N	2	2	687	1	0
20	1	а	2	1	3	1	0	ч;щ				0	2	1042	0	0
78	2	и	0	0	2	1	9	а;е;о;у	\N	\N	\N	1	2	815	1	1
20	1	у	3	1	3	1	0	ч;щ				0	2	1043	0	0
20	1		4	1	3	1	0	ч;щ				0	2	1044	0	0
20	1	ом	5	1	3	1	0	ч;щ				0	2	1045	0	0
20	1	е	6	1	3	1	0	ч;щ				0	2	1046	0	0
20	1	и	1	1	3	2	0	ч;щ				0	2	1047	0	0
21	1	а	4	1	3	1	0	б;в;д;з;л;н;р;с;т;ф;ц				0	2	924	0	0
56	2	еть	0	0	0	0	0	л;п;р	\N	\N	\N	2	2	877	0	0
56	2	ю	0	0	1	1	2	л;пл;р	\N	\N	\N	1	2	882	1	0
56	2	ишь	0	0	2	1	2	л;п;р	\N	\N	\N	2	2	883	1	0
56	2	ит	0	0	3	1	2	л;п;р	\N	\N	\N	2	2	884	1	0
56	2	им	0	0	1	2	2	л;п;р	\N	\N	\N	2	2	885	1	0
56	2	и	0	0	2	1	9	л;п;р	\N	\N	\N	1	2	890	1	0
56	2	ите	0	0	2	2	9	л;п;р	\N	\N	\N	1	2	891	1	0
91	2	ите	0	0	2	2	9	ж;д;р;ш;ш	вш	р	\N	1	2	789	1	0
80	2	ит	0	0	3	1	2	б;в;м;п;ф	\N	\N	\N	2	2	688	1	0
80	2	или	0	0	0	2	2	б;в;м;п;ф	\N	\N	\N	1	2	685	1	0
80	2	им	0	0	1	2	2	б;в;м;п;ф	\N	\N	\N	2	2	689	1	0
81	2	ить	0	0	0	0	0	ов;ав;ом	\N	\N	\N	2	2	796	0	0
81	2	ь	0	0	2	1	9	ов;ав;ом	\N	\N	\N	2	2	809	1	0
81	2	ьте	0	0	2	2	9	ов;ав;ом	\N	\N	\N	1	2	810	1	0
81	2	ив	0	0	0	0	12	ов;ав;ом	\N	\N	\N	3	2	808	2	0
53	2	ите	0	0	2	2	9	т;ст	\N	\N	\N	1	2	812	1	0
53	2	я	0	0	0	0	11	т;ст	\N	\N	\N	1	2	813	2	0
58	2	и	0	0	2	1	9	н	\N	\N	\N	1	2	790	1	0
58	2	ите	0	0	2	2	9	н	\N	\N	\N	1	2	791	1	0
37	1	ей	2	2	3	2	0	\N	\N	\N	\N	0	2	1330	0	0
37	1	ья	1	2	3	1	0	\N	\N	\N	\N	0	2	1322	0	0
104	3	им	5	1	0	1	0	н	\N	\N	\N	0	2	427	0	0
104	3	ем	6	1	0	1	0	н	\N	\N	\N	0	2	428	0	0
104	3	яя	1	2	0	1	0	н	\N	\N	\N	0	2	429	0	0
87	2	ывут	0	0	3	2	2	\N	\N	\N	\N	2	2	754	1	0
51	2	йте	0	0	2	2	9	а;е;ё;я;у	ьну	\N	\N	1	2	893	1	0
59	2	нув	0	0	0	0	12	к;х	\N	\N	\N	3	3	937	2	0
60	2	ив	0	0	0	0	12	с;з;раст	\N	\N	\N	3	2	958	2	0
87	2	ыв	0	0	0	0	12	\N	\N	\N	\N	3	2	756	2	0
87	2	ыву	0	0	1	1	2	\N	\N	\N	\N	1	2	749	1	0
60	2	у	0	0	1	1	2	с;з;раст	\N	\N	\N	1	2	581	1	0
59	2	ла	0	2	0	1	1	к;х	\N	\N	\N	1	3	927	1	0
59	2		0	1	0	1	1	к;х	\N	\N	\N	2	3	926	1	0
59	2	ло	0	3	0	1	1	к;х	\N	\N	\N	1	3	928	1	0
59	2	ли	0	0	0	2	1	к;х	\N	\N	\N	1	3	929	1	0
59	2	нешь	0	0	2	1	2	к;х	\N	\N	\N	2	3	931	1	0
59	2	нет	0	0	3	1	2	к;х	\N	\N	\N	2	3	932	1	0
59	2	нем	0	0	1	2	2	к;х	\N	\N	\N	2	3	933	1	0
59	2	нете	0	0	2	2	2	к;х	\N	\N	\N	1	3	934	1	0
59	2	нут	0	0	3	2	2	к;х	\N	\N	\N	2	3	935	1	0
59	2	ну	0	0	1	1	2	к;х	\N	\N	\N	1	3	930	1	0
59	2	ните	0	0	2	2	9	к;х	\N	\N	\N	1	3	939	1	0
87	2	ыть	0	0	0	0	0	\N	\N	\N	\N	2	2	744	0	0
59	2	нуть	0	0	0	0	0	к;х	\N	\N	\N	2	3	925	0	0
59	2	ни	0	0	2	1	9	к;х	\N	\N	\N	1	3	938	1	0
87	2	ывешь	0	0	2	1	2	\N	\N	\N	\N	2	2	750	1	0
104	3	ею	5	2	0	1	0	н	\N	\N	\N	0	2	631	0	0
5	1	и	1	1	3	2	0	д;з;л;н;р;с;т	\N	\N	\N	0	2	115	0	0
102	3	ою	5	2	0	1	0	г;к	\N	\N	\N	0	2	629	0	0
37	1	ьи	4	2	3	2	0	\N	\N	\N	\N	0	2	1332	0	0
37	1	ьями	5	2	3	2	0	\N	\N	\N	\N	0	2	1333	0	0
37	1	ьях	6	2	3	2	0	\N	\N	\N	\N	0	2	1334	0	0
16	1	е	6	2	3	1	0	г;к;х	\N	\N	\N	0	2	186	0	0
37	1	ьям	3	2	3	2	0	\N	\N	\N	\N	0	2	1331	0	0
75	2	ила	0	2	0	1	1	ж	\N	\N	\N	1	\N	709	1	0
75	2	ил	0	1	0	1	1	ж	\N	\N	\N	2	\N	708	1	0
75	2	ило	0	3	0	1	1	ж	\N	\N	\N	1	\N	710	1	0
75	2	или	0	0	0	2	1	ж	\N	\N	\N	1	\N	711	1	0
77	2	ить	0	0	0	0	0	л;н;р	\N	\N	\N	2	3	817	0	0
77	2	ю	0	0	1	1	2	л;н;р	\N	\N	\N	1	3	822	1	0
77	2	ишь	0	0	2	1	2	л;н;р	\N	\N	\N	2	3	823	1	0
77	2	ит	0	0	3	1	2	л;н;р	\N	\N	\N	2	3	824	1	0
78	2	ить	0	0	0	0	0	а;е;о;у	\N	\N	\N	2	2	832	0	0
78	2	ив	0	0	0	0	12	а;е;о;у	\N	\N	\N	3	2	844	2	0
78	2	ю	0	0	1	1	2	а;е;о;у	\N	\N	\N	1	2	837	1	0
78	2	ишь	0	0	2	1	2	а;е;о;у	\N	\N	\N	2	2	838	1	0
81	2	я	0	0	0	0	11	ов;ав;ом	\N	\N	\N	1	2	807	2	0
53	2	и	0	0	2	1	9	т;ст	\N	\N	\N	1	2	811	1	0
53	2	ел	0	1	0	1	1	т;ст	\N	\N	\N	2	2	553	1	0
4	1	ёй	5	2	3	1	0	д;з;л;н;р;с;т	\N	\N	\N	0	2	65	0	3
78	2	й	0	0	2	1	9	а;е;о;у	\N	\N	\N	2	2	845	1	2
78	2	йте	0	0	2	2	9	а;е;о;у	\N	\N	\N	1	2	846	1	1
2	1	ем	5	1	3	1	0	б;в;д;з;л;м;н;п;р;с;т	\N	\N	\N	0	2	11	0	1
56	2	ите	0	0	2	2	2	л;п;р	\N	\N	\N	1	2	886	1	0
56	2	я	0	0	0	0	11	л;п;р	\N	\N	\N	1	2	888	2	0
56	2	ев	0	0	0	0	12	л;п;р	\N	\N	\N	3	2	889	2	0
91	2	ем	0	0	1	2	2	ж;д;р;ш;ш	вш	р	\N	2	2	521	1	0
91	2	ать	0	0	0	0	0	з;д;р;х;с	\N	\N	\N	2	2	513	0	0
53	2	ело	0	3	0	1	1	т;ст	\N	\N	\N	1	2	555	1	0
54	2	ла	0	2	0	1	1	ер	\N	р	\N	1	3	469	1	0
54	2	ли	0	0	0	2	1	ер	\N	р	\N	1	3	471	1	0
54	2	ло	0	3	0	1	1	ер	\N	р	\N	1	3	470	1	0
54	2		0	1	0	1	1	ер	\N	р	\N	2	3	468	1	0
54	2	я	0	0	0	0	11	ер	\N	р	\N	1	3	873	2	0
93	2	ем	0	0	1	2	2	а;е;о	\N	\N	\N	2	2	767	1	0
93	2	яв	0	0	0	0	12	а;е;о	\N	\N	\N	3	2	771	2	0
63	2	ел	0	1	0	1	1	ш	\N	\N	\N	2	\N	463	1	0
63	2	ла	0	2	0	1	1	ш	\N	\N	\N	1	\N	464	1	0
63	2	ло	0	3	0	1	1	ш	\N	\N	\N	1	\N	465	1	0
63	2	ли	0	0	0	2	1	ш	\N	\N	\N	1	\N	466	1	0
85	2	ыл	0	1	0	1	1	б	\N	\N	\N	2	\N	721	1	0
85	2	ыла	0	2	0	1	1	б	\N	\N	\N	1	\N	722	1	0
85	2	ыло	0	3	0	1	1	б	\N	\N	\N	1	\N	723	1	0
60	2	ет	0	0	3	1	2	с;з;раст	\N	\N	\N	2	2	583	1	0
60	2	ем	0	0	1	2	2	с;з;раст	\N	\N	\N	2	2	584	1	0
60	2	ете	0	0	2	2	2	с;з;раст	\N	\N	\N	1	2	585	1	0
60	2	ут	0	0	3	2	2	с;з;раст	\N	\N	\N	2	2	586	1	0
60	2	ешь	0	0	2	1	2	с;з;раст	\N	\N	\N	2	2	582	1	0
60	2	ли	0	0	0	2	1	с;з;рос	\N	\N	\N	1	2	580	1	0
85	2	ыли	0	0	0	2	1	б	\N	\N	\N	1	\N	724	1	0
86	2	ыл	0	1	0	1	1	\N	\N	\N	\N	2	\N	733	1	0
86	2	ыла	0	2	0	1	1	\N	\N	\N	\N	1	\N	734	1	0
86	2	ыло	0	3	0	1	1	\N	\N	\N	\N	1	\N	735	1	0
86	2	ыли	0	0	0	2	1	\N	\N	\N	\N	1	\N	736	1	0
103	3	ой	1	1	0	1	0	б;в;д;з;л;м;н;п;р;с;т	\N	\N	\N	0	2	255	0	0
103	3	ому	3	1	0	1	0	б;в;д;з;л;м;н;п;р;с;т	\N	\N	\N	0	2	257	0	0
105	3	ем	6	1	0	1	0	ж;ч;ш;щ	\N	\N	\N	2	2	531	0	0
105	3	ие	1	0	0	2	0	ж;ч;ш;щ	\N	\N	\N	2	2	544	0	0
103	3	ой	3	2	0	1	0	б;в;д;з;л;м;н;п;р;с;т	\N	\N	\N	0	2	263	0	0
102	3	ий	1	1	0	1	0	г;к	\N	\N	\N	0	2	230	0	0
107	3		4	1	0	1	0	ин	\N	\N	\N	0	4	1177	0	0
60	2	ла	0	2	0	1	1	с;з;рос	\N	\N	\N	1	2	578	1	0
75	2	ут	0	0	3	2	2	жив	\N	\N	\N	2	\N	717	1	0
77	2	ил	0	1	0	1	1	л;н;р	\N	\N	\N	2	3	818	1	0
77	2	ила	0	2	0	1	1	л;н;р	\N	\N	\N	1	3	819	1	0
77	2	ило	0	3	0	1	1	л;н;р	\N	\N	\N	1	3	820	1	0
77	2	или	0	0	0	2	1	л;н;р	\N	\N	\N	1	3	821	1	0
78	2	ило	0	3	0	1	1	а;е;о;у	\N	\N	\N	1	2	835	1	0
78	2	или	0	0	0	2	1	а;е;о;у	\N	\N	\N	1	2	836	1	0
78	2	ил	0	1	0	1	1	а;е;о;у	\N	\N	\N	2	2	833	1	0
78	2	ила	0	2	0	1	1	а;е;о;у	\N	\N	\N	1	2	834	1	0
79	2	ил	0	1	0	1	1	б;л;п;ш	\N	\N	\N	2	\N	695	1	0
79	2	ила	0	2	0	1	1	б;л;п;ш	\N	\N	\N	1	\N	696	1	0
79	2	ило	0	3	0	1	1	б;л;п;ш	\N	\N	\N	1	\N	697	1	0
80	2	ил	0	1	0	1	1	б;в;м;п;ф	\N	\N	\N	2	2	682	1	0
80	2	ила	0	2	0	1	1	б;в;м;п;ф	\N	\N	\N	1	2	683	1	0
80	2	ило	0	3	0	1	1	б;в;м;п;ф	\N	\N	\N	1	2	684	1	0
81	2	ил	0	1	0	1	1	ов;ав;ом	\N	\N	\N	2	2	797	1	0
81	2	ила	0	2	0	1	1	ов;ав;ом	\N	\N	\N	1	2	798	1	0
81	2	ило	0	3	0	1	1	ов;ав;ом	\N	\N	\N	1	2	799	1	0
53	2	у	0	0	1	1	2	ч;щ	\N	\N	\N	1	2	557	1	0
58	2	ул	0	1	0	1	1	н	\N	\N	\N	2	2	502	1	0
58	2	ула	0	2	0	1	1	н	\N	\N	\N	1	2	503	1	0
58	2	уло	0	3	0	1	1	н	\N	\N	\N	1	2	504	1	0
58	2	ули	0	0	0	2	1	н	\N	\N	\N	1	2	505	1	0
58	2	у	0	0	1	1	2	н	\N	\N	\N	1	2	506	1	0
58	2	ешь	0	0	2	1	2	н	\N	\N	\N	2	2	507	1	0
58	2	ет	0	0	3	1	2	н	\N	\N	\N	2	2	508	1	0
93	2	ял	0	1	0	1	1	а;е;о	\N	\N	\N	2	2	760	1	0
56	2	ел	0	1	0	1	1	л;п;р	\N	\N	\N	2	2	878	1	0
56	2	ела	0	2	0	1	1	л;п;р	\N	\N	\N	1	2	879	1	0
56	2	ело	0	3	0	1	1	л;п;р	\N	\N	\N	1	2	880	1	0
56	2	ели	0	0	0	2	1	л;п;р	\N	\N	\N	1	2	881	1	0
91	2	ала	0	2	0	1	1	з;д;р;х;с	\N	\N	\N	1	2	515	1	0
91	2	ало	0	3	0	1	1	з;д;р;х;с	\N	\N	\N	1	2	516	1	0
91	2	али	0	0	0	2	1	з;д;р;х;с	\N	\N	\N	1	2	517	1	0
91	2	ете	0	0	2	2	2	ж;д;р;ш;ш	вш	р	\N	1	2	522	1	0
91	2	у	0	0	1	1	2	ж;д;р;ш;ш	вш	р	\N	1	2	518	1	0
91	2	ет	0	0	3	1	2	ж;д;р;ш;ш	вш	р	\N	2	2	520	1	0
91	2	ал	0	1	0	1	1	з;д;р;х;с	\N	\N	\N	2	2	514	1	0
68	2	ем	0	0	1	2	2	еж;иж;ож;яж;	\N	\N	\N	2	2	597	1	0
68	2	ете	0	0	2	2	2	еж;иж;ож;яж;	\N	\N	\N	1	2	598	1	0
68	2	ут	0	0	3	2	2	ег;иг;ог;яг	\N	\N	\N	2	2	599	1	0
85	2	ете	0	0	2	2	2	буд	\N	\N	\N	1	\N	729	1	0
85	2	ут	0	0	3	2	2	буд	\N	\N	\N	2	\N	730	1	0
87	2	ыл	0	1	0	1	1	\N	\N	\N	\N	2	2	745	1	0
87	2	ыла	0	2	0	1	1	\N	\N	\N	\N	1	2	746	1	0
87	2	ыло	0	3	0	1	1	\N	\N	\N	\N	1	2	747	1	0
87	2	ыли	0	0	0	2	1	\N	\N	\N	\N	1	2	748	1	0
103	3	ую	4	2	0	1	0	б;в;д;з;л;м;н;п;р;с;т	\N	\N	\N	0	2	264	0	0
60	2	ло	0	3	0	1	1	с;з;рос	\N	\N	\N	1	2	579	1	0
52	2	ело	0	3	0	1	1	д;с;ст;т	\N	\N	\N	1	2	943	1	0
52	2	ели	0	0	0	2	1	д;с;ст;т	\N	\N	\N	1	2	944	1	0
52	2	ев	0	0	0	0	12	д;с;ст;т	\N	\N	\N	3	2	954	2	0
103	3	ой	6	2	0	1	0	б;в;д;з;л;м;н;п;р;с;т	\N	\N	\N	0	2	266	0	0
52	2	еть	0	0	0	0	0	д;с;ст;т	\N	\N	\N	2	2	940	0	0
103	3	ое	1	3	0	1	0	б;в;д;з;л;м;н;п;р;с;т	\N	\N	\N	0	2	267	0	0
103	3	ого	2	3	0	1	0	б;в;д;з;л;м;н;п;р;с;т	\N	\N	\N	0	2	268	0	0
103	3	ом	6	3	0	1	0	б;в;д;з;л;м;н;п;р;с;т\r\n	\N	\N	\N	0	2	272	0	0
52	2	ел	0	1	0	1	1	д;с;ст;т	\N	\N	\N	2	2	941	1	0
52	2	ела	0	2	0	1	1	д;с;ст;т	\N	\N	\N	1	2	942	1	0
52	2	у	0	0	1	1	2	ж;ш;щ;ч	\N	\N	\N	1	2	945	1	0
103	3	ые	1	0	0	2	0	б;в;д;з;л;м;н;п;р;с;т	\N	\N	\N	0	2	273	0	0
103	3	ых	2	0	0	2	0	б;в;д;з;л;м;н;п;р;с;т	\N	\N	\N	0	2	274	0	0
103	3	ых	4	1	0	2	0	б;в;д;з;л;м;н;п;р;с;т	\N	\N	\N	0	2	276	0	0
26	1	ей	1	1	3	1	0	б;в	\N	\N	\N	0	2	1060	0	0
75	2	ете	0	0	2	2	2	жив	\N	\N	\N	1	\N	716	1	0
77	2	им	0	0	1	2	2	л;н;р	\N	\N	\N	2	3	825	1	0
77	2	ите	0	0	2	2	2	л;н;р	\N	\N	\N	1	3	826	1	0
77	2	ят	0	0	3	2	2	л;н;р	\N	\N	\N	2	3	827	1	0
79	2	или	0	0	0	2	2	б;л;п;ш	\N	\N	\N	1	\N	698	1	0
79	2	ью	0	0	1	1	2	б;л;п;ш	\N	\N	\N	1	\N	699	1	0
79	2	ьешь	0	0	2	1	2	б;л;п;ш	\N	\N	\N	2	\N	700	1	0
79	2	ьет	0	0	3	1	2	б;л;п;ш	\N	\N	\N	2	\N	701	1	0
79	2	ьем	0	0	1	2	2	б;л;п;ш	\N	\N	\N	2	\N	702	1	0
79	2	ьете	0	0	2	2	2	б;л;п;ш	\N	\N	\N	1	\N	703	1	0
81	2	или	0	0	0	2	2	ов;ав;ом	\N	\N	\N	1	2	800	1	0
81	2	лю	0	0	1	1	2	ов;ав;ом	\N	\N	\N	1	2	801	1	0
81	2	ишь	0	0	2	1	2	ов;ав;ом	\N	\N	\N	2	2	802	1	0
81	2	ит	0	0	3	1	2	ов;ав;ом	\N	\N	\N	2	2	803	1	0
81	2	им	0	0	1	2	2	ов;ав;ом	\N	\N	\N	2	2	804	1	0
81	2	ите	0	0	2	2	2	ов;ав;ом	\N	\N	\N	1	2	805	1	0
81	2	ят	0	0	3	2	2	ов;ав;ом	\N	\N	\N	2	2	806	1	0
53	2	ела	0	2	0	1	1	т;ст	\N	\N	\N	1	2	554	1	0
53	2	ели	0	0	0	2	1	т;ст	\N	\N	\N	1	2	556	1	0
53	2	им	0	0	1	2	2	т;ст	\N	\N	\N	2	2	560	1	0
53	2	ите	0	0	2	2	2	т;ст	\N	\N	\N	1	2	561	1	0
53	2	ят	0	0	3	2	2	т;ст	\N	\N	\N	2	2	562	1	0
53	2	ешь	0	0	2	1	2	ч;щ	\N	\N	\N	2	2	558	1	0
54	2	ешь	0	0	2	1	2	р	\N	\N	\N	2	2	868	1	0
54	2	ет	0	0	3	1	2	р	\N	\N	\N	2	2	869	1	0
54	2	ем	0	0	1	2	2	р	\N	\N	\N	2	2	870	1	0
54	2	ете	0	0	2	2	2	р	\N	\N	\N	1	2	871	1	0
54	2	ут	0	0	3	2	2	р	\N	\N	\N	2	2	872	1	0
54	2	у	0	0	1	1	2	р	\N	\N	\N	1	2	866	1	0
93	2	ешь	0	0	2	1	2	а;е;о	\N	\N	\N	2	2	765	1	0
68	2	ла	0	2	0	1	1	ег;иг;ог;яг	\N	\N	\N	1	2	591	1	0
68	2	ло	0	3	0	1	1	ег;иг;ог;яг	\N	\N	\N	1	2	592	1	0
68	2	ите	0	0	2	2	9	ег;иг;ог;яг	\N	\N	\N	2	2	956	1	0
69	2		0	1	0	1	1	ек;ок;як	\N	\N	\N	2	2	1005	1	0
69	2	ла	0	2	0	1	1	ек;ок;як	\N	\N	\N	1	2	1006	1	0
69	2	ли	0	0	0	2	1	ек;ок;як	\N	\N	\N	1	2	1008	1	0
69	2	у	0	0	1	1	2	ек;ок;як	\N	\N	\N	1	2	1009	1	0
69	2	ь	0	0	0	0	0	еч;оч;яч	\N	\N	\N	2	2	1004	0	0
29	1	ей	4	1	3	2	0	ж;ч;ш;щ				0	2	1129	0	0
29	1	а	4	1	3	1	0	ж;ч;ш;щ				0	2	1122	0	0
20	1		1	1	3	1	0	ч;щ				0	2	1041	0	0
20	1	ам	3	1	3	2	0	ч;щ				0	2	1049	0	0
20	1	и	4	1	3	2	0	ч;щ				0	2	1050	0	0
20	1	ами	5	1	3	2	0	ч;щ				0	2	1051	0	0
20	1	ах	6	1	3	2	0	ч;щ				0	2	1052	0	0
56	2	ят	0	0	3	2	2	л;п;р	\N	\N	\N	2	2	887	1	0
91	2	ут	0	0	3	2	2	ж;д;р;ш;ш	вш	р	\N	2	2	523	1	0
29	1	ах	6	1	3	2	0	ж;ч;ш;щ				0	2	1131	0	0
201	50	ему	4	1	0	1	0	о	\N	\N	\N	0	\N	316	0	0
29	1		1	1	3	1	0	ж;ч;ш;щ				0	2	1118	0	0
29	1	у	3	1	3	1	0	ж;ч;ш;щ				0	2	1120	0	0
26	1	ьям	5	1	3	2	0	б;в	\N	\N	\N	0	2	1070	0	0
26	1	ьях	6	1	3	2	0	б;в	\N	\N	\N	0	2	1071	0	0
103	3	ые	4	0	0	2	0	б;в;д;з;л;м;н;п;р;с;т	\N	\N	\N	0	2	277	0	0
103	3	ыми	5	0	0	2	0	б;в;д;з;л;м;н;п;р;с;т	\N	\N	\N	0	2	278	0	0
103	3	ых	6	0	0	2	0	б;в;д;з;л;м;н;п;р;с;т	\N	\N	\N	0	2	279	0	0
103	3	о	0	0	0	0	0	б;в;д;з;л;м;н;п;р;с;т\r\n	\N	\N	\N	0	2	311	1	0
26	1	ья	2	1	3	1	0	б;в	\N	\N	\N	0	2	1061	0	0
26	1	ью	3	1	3	1	0	б;в	\N	\N	\N	0	2	1062	0	0
26	1	ья	4	1	3	1	0	б;в	\N	\N	\N	0	2	1063	0	0
26	1	ьем	5	1	3	1	0	б;в	\N	\N	\N	0	2	1064	0	0
26	1	ье	6	1	3	1	0	б;в	\N	\N	\N	0	2	1065	0	0
26	1	ьи	1	1	3	2	0	б;в	\N	\N	\N	0	2	1066	0	0
26	1	ьев	2	1	3	2	0	б;в	\N	\N	\N	0	2	1067	0	0
26	1	ьями	3	1	3	2	0	б;в	\N	\N	\N	0	2	1068	0	0
26	1	ьев	4	1	3	2	0	б;в	\N	\N	\N	0	2	1069	0	0
29	1	и	1	1	3	2	0	ж;ч;ш;щ				0	2	1125	0	0
29	1	ам	3	1	3	2	0	ж;ч;ш;щ				0	2	1127	0	0
29	1	и	4	1	3	2	0	ж;ч;ш;щ				0	2	1128	0	0
29	1	ами	5	1	3	2	0	ж;ч;ш;щ				0	2	1130	0	0
201	50	им	5	1	0	1	0	о	\N	\N	\N	0	\N	317	0	0
201	50	ем	6	1	0	1	0	о	\N	\N	\N	0	\N	318	0	0
201	50	я	1	2	0	1	0	о	\N	\N	\N	0	\N	319	0	0
201	50	ей	3	2	0	1	0	о	\N	\N	\N	0	\N	321	0	0
201	50	ей	2	2	0	1	0	о	\N	\N	\N	0	\N	320	0	0
201	50	ей	5	2	0	1	0	о	\N	\N	\N	0	\N	323	0	0
201	50	ей	6	2	0	1	0	о	\N	\N	\N	0	\N	324	0	0
201	50	е	1	3	0	1	0	о	\N	\N	\N	0	\N	325	0	0
201	50	его	2	3	0	1	0	о	\N	\N	\N	0	\N	326	0	0
201	50	ему	3	3	0	1	0	о	\N	\N	\N	0	\N	327	0	0
201	50	е	4	3	0	1	0	о	\N	\N	\N	0	\N	328	0	0
201	50	им	5	3	0	1	0	о	\N	\N	\N	0	\N	329	0	0
201	50	ем	6	3	0	1	0	о	\N	\N	\N	0	\N	330	0	0
201	50	и	1	0	0	2	0	о	\N	\N	\N	0	\N	331	0	0
201	50	их	2	0	0	2	0	о	\N	\N	\N	0	\N	332	0	0
201	50	им	3	0	0	2	0	о	\N	\N	\N	0	\N	333	0	0
201	50	и	4	0	0	2	0	о	\N	\N	\N	0	\N	334	0	0
201	50	их	4	1	0	2	0	о	\N	\N	\N	0	\N	335	0	0
201	50	ими	5	0	0	2	0	о	\N	\N	\N	0	\N	336	0	0
201	50	их	6	0	0	2	0	о	\N	\N	\N	0	\N	337	0	0
202	50	ем	6	3	0	1	0	наш;ваш	\N	\N	\N	0	\N	356	0	0
202	50	и	1	0	0	2	0	наш;ваш	\N	\N	\N	0	\N	357	0	0
202	50	им	3	0	0	2	0	наш;ваш	\N	\N	\N	0	\N	359	0	0
202	50	и	4	0	0	2	0	наш;ваш	\N	\N	\N	0	\N	360	0	0
202	50	их	4	1	0	2	0	наш;ваш	\N	\N	\N	0	\N	361	0	0
202	50	ими	5	0	0	2	0	наш;ваш	\N	\N	\N	0	\N	362	0	0
202	50		4	1	0	1	0	наш;ваш	\N	\N	\N	0	\N	341	0	0
202	50	его	2	3	0	1	0	наш;ваш	\N	\N	\N	0	\N	352	0	0
202	50	их	2	0	0	2	0	наш;ваш	\N	\N	\N	0	\N	358	0	0
202	50	их	6	0	0	2	0	наш;ваш	\N	\N	\N	0	\N	363	0	0
24	1		1	1	3	1	0	г				0	2	1132	0	0
24	1	а	2	1	3	1	0	г				0	2	1133	0	0
24	1	у	3	1	3	1	0	г				0	2	1134	0	0
24	1	а	4	1	3	1	0	г				0	2	1136	0	0
24	1		4	1	3	1	0	г				0	2	1135	0	0
24	1	ом	5	1	3	1	0	г				0	2	1137	0	0
24	1	е	6	1	3	1	0	г				0	2	1138	0	0
24	1	ья	1	1	3	2	0	з				0	2	1139	0	0
24	1	ей	2	1	3	2	0	з				0	2	1140	0	0
24	1	ьям	3	1	3	2	0	з				0	2	1141	0	0
24	1	ей	4	1	3	2	0	з				0	2	1142	0	0
24	1	ьями	5	1	3	2	0	з				0	2	1144	0	0
25	1		1	1	3	1	0	к;т				0	2	1146	0	0
25	1	а	2	1	3	1	0	к;т				0	2	1147	0	0
25	1	у	3	1	3	1	0	к;т				0	2	1148	0	0
25	1		4	1	3	1	0	к;т				0	2	1149	0	0
25	1	а	4	1	3	1	0	к;т				0	2	1150	0	0
25	1	ом	5	1	3	1	0	к;т				0	2	1151	0	0
25	1	е	6	1	3	1	0	к;т				0	2	1152	0	0
25	1	ья	1	1	3	2	0	ч;т				0	2	1153	0	0
25	1	ьев	2	1	3	2	0	ч;т				0	2	1154	0	0
25	1	ьям	3	1	3	2	0	ч;т				0	2	1155	0	0
25	1	ья	4	1	3	2	0	ч;т				0	2	1157	0	0
25	1	ьев	4	1	3	2	0	ч;т				0	2	1156	0	0
25	1	ьями	5	1	3	2	0	ч;т				0	2	1158	0	0
25	1	ьях	6	1	3	2	0	ч;т				0	2	1159	0	0
24	1	ья	4	1	3	2	0	з				0	2	1143	0	0
24	1	ьях	6	1	3	2	0	з				0	2	1145	0	0
105	3	ая	1	2	0	1	0	ж;ч;ш;щ	\N	\N	\N	2	2	532	0	0
51	2	ть	0	0	0	0	0	а;е;ё;я;ова	\N	\N	\N	2	2	304	0	0
103	3	ая	1	2	0	1	0	б;в;д;з;л;м;н;п;р;с;т	\N	\N	\N	0	2	261	0	0
105	3	ей	2	2	0	1	0	ж;ч;ш;щ	\N	\N	\N	2	2	533	0	0
105	3	ей	3	2	0	1	0	ж;ч;ш;щ	\N	\N	\N	2	2	534	0	0
105	3	ей	5	2	0	1	0	ж;ч;ш;щ	\N	\N	\N	2	2	536	0	0
51	2	ла	0	2	0	1	1	а;е;ё;я;ова	\N	\N	\N	1	2	306	1	0
51	2	ло	0	3	0	1	1	а;е;ё;я;ова	\N	\N	\N	1	2	307	1	0
51	2	ли	0	0	0	2	1	а;е;ё;я;ова	\N	\N	\N	1	2	308	1	0
51	2	ю	0	0	1	1	2	а;е;ё;я;у	ьну	\N	\N	1	2	402	1	0
87	2	ывите	0	0	2	2	9	\N	\N	\N	\N	1	2	758	1	0
201	50	ею	5	2	0	1	0	о	\N	\N	\N	0	\N	1201	0	0
64	2	ут	0	0	3	2	2	чт	\N	\N	\N	2	2	1226	1	0
64	2	и	0	0	2	1	9	чт	\N	\N	\N	2	2	1229	1	0
64	2	ите	0	0	2	2	9	чт	\N	\N	\N	1	2	1230	1	0
64	2	в	0	0	0	0	12	че	\N	\N	\N	3	2	1228	2	0
64	2	я	0	0	0	0	11	чт	\N	\N	\N	1	2	1227	2	0
64	2	сть	0	0	0	0	0	че	\N	\N	\N	2	2	1216	0	0
64	2	л	0	1	0	1	1	че	\N	\N	\N	2	2	1217	1	0
64	2	ла	0	2	0	1	1	ч	\N	\N	\N	1	2	1218	1	0
64	2	ло	0	3	0	1	1	ч	\N	\N	\N	1	2	1219	1	0
64	2	ли	0	0	0	2	1	ч	\N	\N	\N	1	2	1220	1	0
64	2	у	0	0	1	1	2	чт	\N	\N	\N	1	2	1221	1	0
64	2	ешь	0	0	2	1	2	чт	\N	\N	\N	2	2	1222	1	0
64	2	ет	0	0	3	1	2	чт	\N	\N	\N	2	2	1223	1	0
64	2	ем	0	0	1	2	2	чт	\N	\N	\N	2	2	1224	1	0
64	2	ете	0	0	2	2	2	чт	\N	\N	\N	1	2	1225	1	0
65	2	ла	0	2	0	1	1	е	\N	\N	\N	1	1	1233	1	0
65	2	ло	0	3	0	1	1	е	\N	\N	\N	1	1	1234	1	0
65	2	шь	0	0	2	1	2	е	\N	\N	\N	2	1	1237	1	0
65	2	ст	0	0	3	1	2	е	\N	\N	\N	2	1	1238	1	0
65	2	им	0	0	1	2	2	ед	\N	\N	\N	2	1	1239	1	0
65	2	ите	0	0	2	2	2	ед	\N	\N	\N	1	1	1240	1	0
65	2	ят	0	0	3	2	2	ед	\N	\N	\N	2	1	1241	1	0
65	2	я	0	0	0	0	11	ед	\N	\N	\N	1	1	1242	2	0
65	2	в	0	0	0	0	12	е	\N	\N	\N	3	1	1243	2	0
65	2	и	0	0	2	1	9	ед	\N	\N	\N	2	1	1244	1	0
65	2	ите	0	0	2	2	9	ед	\N	\N	\N	1	1	1245	1	0
65	2	сть	0	0	0	0	0	е	\N	\N	\N	2	1	1231	0	0
65	2	л	0	1	0	1	1	е	\N	\N	\N	2	1	1232	1	0
65	2	ли	0	0	0	2	1	е	\N	\N	\N	1	1	1235	1	0
65	2	м	0	0	1	1	2	е	\N	\N	\N	1	1	1236	1	0
71	2	ив	0	0	0	0	12	д;з;с;ст;т	лс;тс;тьс	\N	\N	3	2	500	2	0
71	2	ит	0	0	3	1	2	д;з;с;ст;т	лс;тс;тьс	\N	\N	2	2	495	1	0
71	2	ите	0	0	2	2	2	д;з;с;ст;т	лс;тс;тьс	\N	\N	1	2	497	1	0
71	2	ят	0	0	3	2	2	д;з;с;ст;т	лс;тс;тьс	\N	\N	2	2	498	1	0
71	2	я	0	0	0	0	11	д;з;с;ст;т	лс;тс;тьс	\N	\N	1	2	499	2	0
71	2	ило	0	3	0	1	1	д;з;с;ст;т	лс;тс;тьс	\N	\N	1	2	491	1	0
71	2	ишь	0	0	2	1	2	д;з;с;ст;т	лс;тс;тьс	\N	\N	2	2	494	1	0
71	2	у	0	0	1	1	2	ж;ж;ш;щ;ч	лс;тс;тьс	\N	\N	1	2	493	1	0
71	2	им	0	0	1	2	2	д;з;с;ст;т	лс;тс;тьс	\N	\N	2	2	496	1	0
71	2	ить	0	0	0	0	0	д;з;с;ст;т	лс;тс;тьс	\N	\N	2	2	488	0	0
71	2	ил	0	1	0	1	1	д;з;с;ст;т	лс;тс;тьс	\N	\N	2	2	489	1	0
71	2	ила	0	2	0	1	1	д;з;с;ст;т	лс;тс;тьс	\N	\N	1	2	490	1	0
71	2	или	0	0	0	2	1	д;з;с;ст;т	лс;тс;тьс	\N	\N	1	2	492	1	0
54	2	и	0	0	2	1	9	р	\N	\N	\N	1	2	875	1	0
93	2	ете	0	0	2	2	2	а;е;о	\N	\N	\N	1	2	768	1	0
68	2	ь	0	0	0	0	0	еч;ич;оч;яч	\N	\N	\N	2	2	589	0	0
68	2		0	1	0	1	1	ег;иг;ог;яг	\N	\N	\N	2	2	590	1	0
68	2	ли	0	0	0	2	1	ег;иг;ог;яг	\N	\N	\N	1	2	593	1	0
68	2	ешь	0	0	2	1	2	еж;иж;ож;яж;	\N	\N	\N	2	2	595	1	0
68	2	и	0	0	2	1	9	ег;иг;ог;яг	\N	\N	\N	2	2	955	1	0
69	2	ут	0	0	3	2	2	ек;ок;як	\N	\N	\N	2	2	1014	1	0
69	2	и	0	0	2	1	9	ек;ок;як	\N	\N	\N	2	2	1015	1	0
71	2	и	0	0	2	1	9	д;з;с;ст;т	лс;тс;тьс	\N	\N	1	2	847	1	1
71	2	ите	0	0	2	2	9	д;з;с;ст;т	лс;тс;тьс	\N	\N	1	2	850	1	1
92	2	ала	0	2	0	1	1	ж;ш	\N	\N	\N	1	2	1204	1	0
92	2	ать	0	0	0	0	0	ж;ш	\N	\N	\N	2	2	1202	0	0
92	2	ал	0	1	0	1	1	ж;ш	\N	\N	\N	2	2	1203	1	0
69	2	ите	0	0	2	2	9	ек;ок;як	\N	\N	\N	2	2	1016	1	0
69	2	ет	0	0	3	1	2	еч;оч;яч	\N	\N	\N	2	2	1011	1	0
69	2	ло	0	3	0	1	1	ек;ок;як	\N	\N	\N	1	2	1007	1	0
69	2	ешь	0	0	2	1	2	еч;оч;яч	\N	\N	\N	2	2	1010	1	0
69	2	ем	0	0	1	2	2	еч;оч;яч	\N	\N	\N	2	2	1012	1	0
69	2	ете	0	0	2	2	2	еч;оч;яч	\N	\N	\N	1	2	1013	1	0
73	2	или	0	0	0	2	1	ж;ч;ш;щ	\N	\N	\N	1	2	898	1	0
73	2	у	0	0	1	1	2	ж;ч;ш;щ	\N	\N	\N	1	2	899	1	0
73	2	ишь	0	0	2	1	2	ж;ч;ш;щ	\N	\N	\N	2	2	900	1	0
73	2	ила	0	2	0	1	1	ж;ч;ш;щ	\N	\N	\N	1	2	896	1	0
73	2	ив	0	0	0	0	12	ж;ч;ш;щ	\N	\N	\N	3	2	906	2	0
73	2	ить	0	0	0	0	0	ж;ч;ш;щ	\N	\N	\N	2	2	894	0	0
75	2	я	0	0	0	0	11	жив	\N	\N	\N	1	\N	718	2	0
75	2	ив	0	0	0	0	12	ж	\N	\N	\N	3	\N	719	2	0
75	2	ешь	0	0	2	1	2	жив	\N	\N	\N	2	\N	713	1	0
75	2	ите	0	0	2	2	9	жив	\N	\N	\N	1	\N	785	1	0
75	2	ем	0	0	1	2	2	жив	\N	\N	\N	2	\N	715	1	0
75	2	и	0	0	2	1	9	жив	\N	\N	\N	1	\N	784	1	0
78	2	ит	0	0	3	1	2	а;е;о;у	\N	\N	\N	2	2	839	1	0
78	2	им	0	0	1	2	2	а;е;о;у	\N	\N	\N	2	2	840	1	0
78	2	ите	0	0	2	2	2	а;е;о;у	\N	\N	\N	1	2	841	1	0
78	2	ят	0	0	3	2	2	а;е;о;у	\N	\N	\N	2	2	842	1	0
78	2	я	0	0	0	0	11	а;е;о;у	\N	\N	\N	1	2	843	2	0
80	2	ите	0	0	2	2	2	б;в;м;п;ф	\N	\N	\N	1	2	690	1	0
80	2	ят	0	0	3	2	2	б;в;м;п;ф	\N	\N	\N	2	2	691	1	0
80	2	я	0	0	0	0	11	б;в;м;п;ф	\N	\N	\N	1	2	692	2	0
80	2	и	0	0	2	1	9	б;в;м;п;ф	\N	\N	\N	1	2	794	1	0
80	2	ите	0	0	2	2	9	б;в;м;п;ф	\N	\N	\N	1	2	795	1	0
53	2	ев	0	0	0	0	12	т;ст	\N	\N	\N	3	2	814	2	0
54	2	ите	0	0	2	2	9	р	\N	\N	\N	1	2	876	1	0
58	2	ем	0	0	1	2	2	н	\N	\N	\N	2	2	509	1	0
93	2	йте	0	0	2	2	9	а;е;о	\N	\N	\N	1	2	773	1	0
93	2	ять	0	0	0	0	0	а;е;о	\N	\N	\N	2	2	759	0	0
93	2	яла	0	2	0	1	1	а;е;о	\N	\N	\N	1	2	761	1	0
93	2	яло	0	3	0	1	1	а;е;о	\N	\N	\N	1	2	762	1	0
73	2	ите	0	0	2	2	9	ж;ч;ш;щ	\N	\N	\N	1	2	908	1	1
73	2	ь	0	0	2	1	9	ж;ч;ш;щ	\N	\N	\N	2	2	922	1	2
73	2	ьте	0	0	2	2	9	ж;ч;ш;щ	\N	\N	\N	1	2	923	1	2
92	2	у	0	0	1	1	2	г;ш	\N	\N	\N	1	2	1207	1	0
92	2	ишь	0	0	2	1	2	г;ш	\N	\N	\N	2	2	1208	1	0
92	2	ит	0	0	3	1	2	г;ш	\N	\N	\N	2	2	1209	1	0
78	2	ите	0	0	2	2	9	а;е;о;у	\N	\N	\N	1	2	816	1	2
77	2	ь	0	0	2	1	9	л;н;р	\N	\N	\N	2	3	830	1	2
77	2	ьте	0	0	2	2	9	л;н;р	\N	\N	\N	1	3	831	1	2
92	2	им	0	0	1	2	2	г;ш	\N	\N	\N	2	2	1210	1	0
92	2	ите	0	0	2	2	2	г;ш	\N	\N	\N	1	2	1211	1	0
92	2	ат	0	0	3	2	2	г;ш	\N	\N	\N	2	2	1212	1	0
92	2	и	0	0	2	1	9	ж;ш	\N	\N	\N	1	2	1214	1	0
92	2	ите	0	0	2	2	9	ж;ш	\N	\N	\N	1	2	1215	1	0
92	2	ав	0	0	0	0	12	ж;ш	\N	\N	\N	3	2	1213	2	0
92	2	ало	0	3	0	1	1	ж;ш	\N	\N	\N	1	2	1205	1	0
92	2	али	0	0	0	2	1	ж;ш	\N	\N	\N	1	2	1206	1	0
93	2	яли	0	0	0	2	1	а;е;о	\N	\N	\N	1	2	763	1	0
93	2	ют	0	0	3	2	2	а;е;о	\N	\N	\N	2	2	769	1	0
93	2	ет	0	0	3	1	2	а;е;о	\N	\N	\N	2	2	766	1	0
52	2	им	0	0	1	2	2	д;с;ст;т	\N	\N	\N	2	2	948	1	0
52	2	ят	0	0	3	2	2	д;с;ст;т	\N	\N	\N	2	2	950	1	0
52	2	и	0	0	2	1	9	д;с;ст;т	\N	\N	\N	1	2	951	1	0
52	2	ите	0	0	2	2	9	д;с;ст;т	\N	\N	\N	1	2	952	1	0
52	2	я	0	0	0	0	11	д;с;ст;т	\N	\N	\N	1	2	953	2	0
52	2	ит	0	0	3	1	2	д;с;ст;т	\N	\N	\N	2	2	947	1	0
101	3	ом	6	3	0	1	0	б;в;д;з;л;м;н;п;р;с;т	\N	\N	\N	0	2	222	0	0
101	3	ые	1	0	0	2	0	б;в;д;з;л;м;н;п;р;с;т	\N	\N	\N	0	2	223	0	0
101	3	ых	2	0	0	2	0	б;в;д;з;л;м;н;п;р;с;т	\N	\N	\N	0	2	224	0	0
101	3	ым	3	0	0	2	0	б;в;д;з;л;м;н;п;р;с;т	\N	\N	\N	0	2	225	0	0
101	3	ых	4	1	0	2	0	б;в;д;з;л;м;н;п;р;с;т	\N	\N	\N	0	2	226	0	0
101	3	ыми	5	0	0	2	0	б;в;д;з;л;м;н;п;р;с;т	\N	\N	\N	0	2	228	0	0
101	3	ой	2	2	0	1	0	б;в;д;з;л;м;н;п;р;с;т	\N	\N	\N	0	2	212	0	0
101	3	а	0	2	0	1	0	б;в;д;з;л;м;н;п;р;с;т	\N	\N	\N	0	2	659	2	0
101	3	ы	0	0	0	2	0	б;в;д;з;л;м;н;п;р;с;т	\N	\N	\N	0	2	661	2	0
102	3	ого	2	1	0	1	0	г;к	\N	\N	\N	0	2	231	0	0
102	3	о	0	3	0	1	0	г;к	\N	\N	\N	0	2	665	2	0
104	3	юю	4	2	0	1	0	н	\N	\N	\N	0	2	432	0	0
104	3	ей	6	2	0	1	0	н	\N	\N	\N	0	2	434	0	0
104	3	ее	1	3	0	1	0	н	\N	\N	\N	0	2	435	0	0
104	3	его	2	3	0	1	0	н	\N	\N	\N	0	2	436	0	0
104	3	ему	3	3	0	1	0	н	\N	\N	\N	0	2	437	0	0
104	3	ее	4	3	0	1	0	н	\N	\N	\N	0	2	438	0	0
104	3	им	5	3	0	1	0	н	\N	\N	\N	0	2	439	0	0
104	3	ие	1	0	0	2	0	н	\N	\N	\N	0	2	441	0	0
104	3	их	2	0	0	2	0	н	\N	\N	\N	0	2	442	0	0
104	3	им	3	0	0	2	0	н	\N	\N	\N	0	2	443	0	0
104	3	ие	4	0	0	2	0	н	\N	\N	\N	0	2	444	0	0
104	3	их	4	1	0	2	0	н	\N	\N	\N	0	2	445	0	0
104	3	ими	5	0	0	2	0	н	\N	\N	\N	0	2	446	0	0
104	3	их	6	0	0	2	0	н	\N	\N	\N	0	2	447	0	0
104	3	ей	2	2	0	1	0	н	\N	\N	\N	0	2	430	0	0
105	3	ему	3	1	0	1	0	ж;ч;ш;щ	\N	\N	\N	2	2	527	0	0
107	3		1	1	0	1	0	ин	\N	\N	\N	0	4	1174	0	0
107	3	ым	5	3	0	1	0	ин	\N	\N	\N	0	4	1192	0	0
107	3	ом	6	3	0	1	0	ин	\N	\N	\N	0	4	1193	0	0
107	3	ым	3	0	0	2	0	ин	\N	\N	\N	0	4	1196	0	0
107	3	ыми	5	0	0	2	0	ин	\N	\N	\N	0	4	1199	0	0
105	3	ей	6	2	0	1	0	ж;ч;ш;щ	\N	\N	\N	2	2	537	0	0
105	3	ее	1	3	0	1	0	ж;ч;ш;щ	\N	\N	\N	2	2	538	0	0
105	3	его	2	3	0	1	0	ж;ч;ш;щ	\N	\N	\N	2	2	539	0	0
105	3	ему	3	3	0	1	0	ж;ч;ш;щ	\N	\N	\N	2	2	540	0	0
105	3	ее	4	3	0	1	0	ж;ч;ш;щ	\N	\N	\N	2	2	541	0	0
105	3	им	5	3	0	1	0	ж;ч;ш;щ	\N	\N	\N	2	2	542	0	0
105	3	ем	6	3	0	1	0	ж;ч;ш;щ	\N	\N	\N	2	2	543	0	0
105	3	их	2	0	0	2	0	ж;ч;ш;щ	\N	\N	\N	2	2	545	0	0
101	3	о	0	0	0	0	0	б;в;д;з;л;м;н;п;р;с;т	\N	\N	\N	0	2	309	1	0
101	3	ый	4	1	0	1	0	б;в;д;з;л;м;н;п;р;с;т	\N	\N	\N	0	2	448	0	0
102	3	о	0	0	0	0	0	г;к	\N	\N	\N	0	2	310	1	0
104	3	ей	3	2	0	1	0	н	\N	\N	\N	0	2	431	0	0
103	3	ого	4	1	0	1	0	б;в;д;з;л;м;н;п;р;с;т	\N	\N	\N	0	2	450	0	0
107	3	ого	2	1	0	1	0	ин	\N	\N	\N	0	4	1175	0	0
107	3	ому	3	1	0	1	0	ин	\N	\N	\N	0	4	1176	0	0
107	3	ого	4	1	0	1	0	ин	\N	\N	\N	0	4	1178	0	0
107	3	ым	5	1	0	1	0	ин	\N	\N	\N	0	4	1179	0	0
107	3	ом	6	1	0	1	0	ин	\N	\N	\N	0	4	1180	0	0
107	3	а	1	2	0	1	0	ин	\N	\N	\N	0	4	1181	0	0
107	3	ой	2	2	0	1	0	ин	\N	\N	\N	0	4	1182	0	0
107	3	ой	3	2	0	1	0	ин	\N	\N	\N	0	4	1183	0	0
107	3	у	4	2	0	1	0	ин	\N	\N	\N	0	4	1184	0	0
107	3	ой	5	2	0	1	0	ин	\N	\N	\N	0	4	1185	0	0
107	3	ой	6	2	0	1	0	ин	\N	\N	\N	0	4	1187	0	0
107	3	о	1	3	0	1	0	ин	\N	\N	\N	0	4	1188	0	0
107	3	ого	2	3	0	1	0	ин	\N	\N	\N	0	4	1189	0	0
107	3	ому	3	3	0	1	0	ин	\N	\N	\N	0	4	1190	0	0
107	3	о	4	3	0	1	0	ин	\N	\N	\N	0	4	1191	0	0
106	3	ому	3	1	0	1	0	г;ж;к;ш;х	\N	\N	\N	0	2	1074	0	0
106	3	ой	4	1	0	1	0	г;ж;к;ш;х	\N	\N	\N	0	2	1075	0	0
106	3	ого	4	1	0	1	0	г;ж;к;ш;х	\N	\N	\N	0	2	1076	0	0
106	3	им	5	1	0	1	0	г;ж;к;ш;х	\N	\N	\N	0	2	1077	0	0
106	3	ая	1	2	0	1	0	г;ж;к;ш;х	\N	\N	\N	0	2	1079	0	0
106	3	ой	2	2	0	1	0	г;ж;к;ш;х	\N	\N	\N	0	2	1080	0	0
105	3	ий	1	1	0	1	0	ж;ч;ш;щ	\N	\N	\N	2	2	525	0	0
106	3	ой	1	1	0	1	0	г;ж;к;ш;х	\N	\N	\N	0	2	1072	0	0
106	3	ом	6	1	0	1	0	г;ж;к;ш;х	\N	\N	\N	0	2	1078	0	0
105	3	его	2	1	0	1	0	ж;ч;ш;щ	\N	\N	\N	2	2	526	0	0
105	3	его	4	1	0	1	0	ж;ч;ш;щ	\N	\N	\N	2	2	528	0	0
105	3	ий	4	1	0	1	0	ж;ч;ш;щ	\N	\N	\N	2	2	529	0	0
105	3	им	5	1	0	1	0	ж;ч;ш;щ	\N	\N	\N	2	2	530	0	0
107	3	ых	2	0	0	2	0	ин	\N	\N	\N	0	4	1195	0	0
101	3	ого	2	1	0	1	0	б;в;д;з;л;м;н;п;р;с;т	\N	\N	\N	0	2	206	0	0
102	3	и	0	0	0	2	0	г;к	\N	\N	\N	0	2	666	2	0
101	3	ое	1	3	0	1	0	б;в;д;з;л;м;н;п;р;с;т	\N	\N	\N	0	2	217	0	0
101	3		0	1	0	1	0	б;в;д;з;л;м;н;п;р;с;т	\N	н	\N	0	2	658	2	0
103	3	ою	5	2	0	1	0	б;в;д;з;л;м;н;п;р;с;т	\N	\N	\N	0	2	630	0	0
101	3	ого	2	3	0	1	0	б;в;д;з;л;м;н;п;р;с;т	\N	\N	\N	0	2	218	0	0
105	3	ею	5	2	0	1	0	ж;ч;ш;щ	\N	\N	\N	2	2	632	0	0
103	3	ом	6	1	0	1	0	б;в;д;з;л;м;н;п;р;с;т	\N	\N	\N	0	2	260	0	0
101	3	ые	4	0	0	2	0	б;в;д;з;л;м;н;п;р;с;т	\N	\N	\N	0	2	227	0	0
101	3	ою	5	2	0	1	0	б;в;д;з;л;м;н;п;р;с;т	\N	\N	\N	0	2	628	0	0
107	3	ых	4	1	0	2	0	ин	\N	\N	\N	0	4	1197	0	0
104	3	о	0	0	0	0	0	н	\N	\N	\N	0	2	671	1	0
104	3	ей	5	2	0	1	0	н	\N	\N	\N	0	2	433	0	0
104	3	ем	6	3	0	1	0	н	\N	\N	\N	0	2	440	0	0
104	3		0	1	0	1	0	н	\N	н	\N	0	2	673	2	0
104	3	а	0	2	0	1	0	н	\N	\N	\N	0	2	674	2	0
103	3	а	0	2	0	1	0	б;в;д;з;л;м;н;п;р;с;т	\N	\N	\N	0	2	668	2	0
103	3	о	0	3	0	1	0	б;в;д;з;л;м;н;п;р;с;т	\N	\N	\N	0	2	669	2	0
103	3	ы	0	0	0	2	0	б;в;д;з;л;м;н;п;р;с;т	\N	\N	\N	0	2	670	2	0
105	3	ую	4	2	0	1	0	ж;ч;ш;щ	\N	\N	\N	2	2	535	0	0
104	3	о	0	3	0	1	0	н	\N	\N	\N	0	2	675	2	0
104	3	ы	0	0	0	2	0	н	\N	\N	\N	0	2	676	2	0
105	3		0	1	0	1	0	ж;ч;ш;щ	\N	\N	\N	0	2	677	2	0
105	3	а	0	2	0	1	0	ж;ч;ш;щ	\N	\N	\N	0	2	678	2	0
105	3	е	0	3	0	1	0	ж;ч;ш;щ	\N	\N	\N	0	2	679	2	0
107	3	ы	4	0	0	2	0	ин	\N	\N	\N	0	4	1198	0	0
105	3	и	0	0	0	2	0	ж;ч;ш;щ	\N	\N	\N	0	2	680	2	0
102	3	а	0	2	0	1	0	г;к	\N	\N	\N	0	2	664	2	0
102	3		0	1	0	1	0	г;к	\N	к	к	0	2	663	2	0
101	3	ым	5	1	0	1	0	б;в;д;з;л;м;н;п;р;с;т	\N	\N	\N	0	2	209	0	0
101	3	ому	3	1	0	1	0	б;в;д;з;л;м;н;п;р;с;т	\N	\N	\N	0	2	207	0	0
101	3	ого	4	1	0	1	0	б;в;д;з;л;м;н;п;р;с;т	\N	\N	\N	0	2	208	0	0
101	3	ая	1	2	0	1	0	б;в;д;з;л;м;н;п;р;с;т	\N	\N	\N	0	2	211	0	0
101	3	ой	3	2	0	1	0	б;в;д;з;л;м;н;п;р;с;т	\N	\N	\N	0	2	213	0	0
101	3	ую	4	2	0	1	0	б;в;д;з;л;м;н;п;р;с;т	\N	\N	\N	0	2	214	0	0
101	3	ой	5	2	0	1	0	б;в;д;з;л;м;н;п;р;с;т	\N	\N	\N	0	2	215	0	0
101	3	ой	6	2	0	1	0	б;в;д;з;л;м;н;п;р;с;т	\N	\N	\N	0	2	216	0	0
107	3	ою	5	2	0	1	0	ин	\N	\N	\N	0	4	1186	0	0
107	3	ых	6	0	0	2	0	ин	\N	\N	\N	0	4	1200	0	0
101	3	ому	3	3	0	1	0	б;в;д;з;л;м;н;п;р;с;т	\N	\N	\N	0	2	219	0	0
101	3	ое	4	3	0	1	0	б;в;д;з;л;м;н;п;р;с;т	\N	\N	\N	0	2	220	0	0
101	3	ых	6	0	0	2	0	б;в;д;з;л;м;н;п;р;с;т	\N	\N	\N	0	2	229	0	0
101	3	ом	6	1	0	1	0	б;в;д;з;л;м;н;п;р;с;т	\N	\N	\N	0	2	210	0	0
101	3	ым	5	3	0	1	0	б;в;д;з;л;м;н;п;р;с;т	\N	\N	\N	0	2	221	0	0
101	3	о	0	3	0	1	0	б;в;д;з;л;м;н;п;р;с;т	\N	\N	\N	0	2	660	2	0
102	3	ому	3	1	0	1	0	г;к	\N	\N	\N	0	2	232	0	0
102	3	ого	4	1	0	1	0	г;к	\N	\N	\N	0	2	233	0	0
102	3	им	5	1	0	1	0	г;к	\N	\N	\N	0	2	234	0	0
102	3	ом	6	1	0	1	0	г;к	\N	\N	\N	0	2	235	0	0
102	3	ая	1	2	0	1	0	г;к	\N	\N	\N	0	2	236	0	0
102	3	ой	3	2	0	1	0	г;к	\N	\N	\N	0	2	238	0	0
102	3	ую	4	2	0	1	0	г;к	\N	\N	\N	0	2	239	0	0
102	3	ой	5	2	0	1	0	г;к	\N	\N	\N	0	2	240	0	0
102	3	ой	6	2	0	1	0	г;к	\N	\N	\N	0	2	241	0	0
102	3	ое	1	3	0	1	0	г;к	\N	\N	\N	0	2	242	0	0
102	3	ого	2	3	0	1	0	г;к	\N	\N	\N	0	2	243	0	0
102	3	ому	3	3	0	1	0	г;к	\N	\N	\N	0	2	244	0	0
102	3	ое	4	3	0	1	0	г;к	\N	\N	\N	0	2	245	0	0
102	3	им	5	3	0	1	0	г;к	\N	\N	\N	0	2	246	0	0
102	3	ом	6	3	0	1	0	г;к	\N	\N	\N	0	2	247	0	0
102	3	ие	1	0	0	2	0	г;к	\N	\N	\N	0	2	248	0	0
102	3	их	2	0	0	2	0	г;к	\N	\N	\N	0	2	249	0	0
102	3	им	3	0	0	2	0	г;к	\N	\N	\N	0	2	250	0	0
102	3	их	4	1	0	2	0	г;к	\N	\N	\N	0	2	251	0	0
102	3	ие	4	0	0	2	0	г;к	\N	\N	\N	0	2	252	0	0
102	3	ими	5	0	0	2	0	г;к	\N	\N	\N	0	2	253	0	0
102	3	их	6	0	0	2	0	г;к	\N	\N	\N	0	2	254	0	0
102	3	ой	2	2	0	1	0	г;к	\N	\N	\N	0	2	237	0	0
103	3	ым	3	3	0	1	0	б;в;д;з;л;м;н;п;р;с;т	\N	\N	\N	0	2	269	0	0
103	3	ым	3	0	0	2	0	б;в;д;з;л;м;н;п;р;с;т	\N	\N	\N	0	2	275	0	0
106	3	ую	4	2	0	1	0	г;ж;к;ш;х	\N	\N	\N	0	2	1082	0	0
106	3	ою	5	2	0	1	0	г;ж;к;ш;х	\N	\N	\N	0	2	1084	0	0
106	3	ой	6	2	0	1	0	г;ж;к;ш;х	\N	\N	\N	0	2	1085	0	0
106	3	ое	1	3	0	1	0	г;ж;к;ш;х	\N	\N	\N	0	2	1086	0	0
106	3	ого	2	3	0	1	0	г;ж;к;ш;х	\N	\N	\N	0	2	1087	0	0
106	3	им	3	3	0	1	0	г;ж;к;ш;х	\N	\N	\N	0	2	1088	0	0
106	3	ое	4	3	0	1	0	г;ж;к;ш;х	\N	\N	\N	0	2	1089	0	0
106	3	им	5	3	0	1	0	г;ж;к;ш;х	\N	\N	\N	0	2	1090	0	0
106	3	ой	3	2	0	1	0	г;ж;к;ш;х	\N	\N	\N	0	2	1081	0	0
106	3	ие	1	0	0	2	0	г;ж;к;ш;х	\N	\N	\N	0	2	1092	0	0
106	3	ой	5	2	0	1	0	г;ж;к;ш;х	\N	\N	\N	0	2	1083	0	0
103	3	ой	2	2	0	1	0	б;в;д;з;л;м;н;п;р;с;т	\N	\N	\N	0	2	262	0	0
103	3	ым	5	3	0	1	0	б;в;д;з;л;м;н;п;р;с;т	\N	\N	\N	0	2	271	0	0
106	3	ом	6	3	0	1	0	г;ж;к;ш;х	\N	\N	\N	0	2	1091	0	0
106	3	им	3	0	0	2	0	г;ж;к;ш;х	\N	\N	\N	0	2	1094	0	0
106	3	их	4	1	0	2	0	г;ж;к;ш;х	\N	\N	\N	0	2	1095	0	0
106	3	ие	4	0	0	2	0	г;ж;к;ш;х	\N	\N	\N	0	2	1096	0	0
106	3	ими	5	0	0	2	0	г;ж;к;ш;х	\N	\N	\N	0	2	1097	0	0
106	3	их	6	0	0	2	0	г;ж;к;ш;х	\N	\N	\N	0	2	1098	0	0
106	3	их	2	0	0	2	0	г;ж;к;ш;х	\N	\N	\N	0	2	1093	0	0
106	3	о	0	0	0	0	0	г;ж;к;ш;х	\N	\N	\N	0	2	1099	1	0
106	3		0	1	0	1	0	г;ж;к;ш;х	\N	\N	\N	0	2	1100	2	0
106	3	а	0	2	0	1	0	г;ж;к;ш;х	\N	\N	\N	0	2	1101	2	0
106	3	о	0	3	0	1	0	г;ж;к;ш;х	\N	\N	\N	0	2	1102	2	0
106	3	и	0	0	0	2	0	г;ж;к;ш;х	\N	\N	\N	0	2	1103	2	0
3	1	ою	5	2	3	1	0	б;в;д;ж;з;л;м;н;п;р;с;т;ф;ц	\N	\N	\N	0	2	83	0	2
18	1	ей	5	2	3	1	0	ж;ч;ш;щ	\N	\N	\N	0	2	1021	0	1
18	1	ею	5	2	3	1	0	ж;ч;ш;щ	\N	\N	\N	0	2	1033	0	2
71	2	ь	0	0	2	1	9	д;з;с;ст;т	лс;тс;тьс	\N	\N	2	2	864	1	2
71	2	ьте	0	0	2	2	9	д;з;с;ст;т	лс;тс;тьс	\N	\N	1	2	865	1	2
77	2	ите	0	0	2	2	9	л;н;р	\N	\N	\N	1	2	575	1	1
20	1	ей	2	1	3	2	0	ч;щ				0	2	1048	0	0
1	1		1	1	3	1	0	б;в;г;д;ж;з;к;л;м;н;п;р;с;т;х;ш	\N	\N	\N	0	2	1	0	0
91	2	и	0	0	2	1	9	ж;д;р;ш;ш	вш	р	\N	1	2	788	1	0
\.


--
-- TOC entry 2193 (class 0 OID 16445)
-- Dependencies: 172
-- Data for Name: fixed_words; Type: TABLE DATA; Schema: public; Owner: knowledge
--

COPY fixed_words (word, type, base_form, wcase, gender, sing_pl, person, only_form, rule_id, subtype) FROM stdin;
в	100	в	0	0	0	0	1	6	0
из	100	из	0	0	0	0	1	8	0
на	100	на	0	0	0	0	1	9	0
с	100	с	0	0	0	0	1	10	0
к	100	к	0	0	0	0	1	12	0
за	100	за	0	0	0	0	1	14	0
для	100	для	0	0	0	0	1	15	0
по	100	по	0	0	0	0	1	16	0
от	100	от	0	0	0	0	1	17	0
до	100	до	0	0	0	0	1	18	0
у	100	у	0	0	0	0	1	19	0
о	100	о	0	0	0	0	1	20	0
перед	100	перед	0	0	0	0	1	23	0
без	100	без	0	0	0	0	1	24	0
или	99	или	0	0	0	0	1	26	0
что	99	что	0	0	0	0	0	27	0
чтобы	99	чтобы	0	0	0	0	0	28	0
как	99	как	0	0	0	0	0	29	0
так	99	так	0	0	0	0	0	30	0
когда	99	когда	0	0	0	0	0	34	0
будто	99	будто	0	0	0	0	0	35	0
зачем	99	зачем	0	0	0	0	0	36	0
я	50	<personalpronoun>	1	0	1	1	0	37	0
ты	50	<personalpronoun>	1	0	1	2	0	38	0
он	50	<personalpronoun>	1	1	1	3	0	39	0
оно	50	<personalpronoun>	1	3	1	3	0	40	0
она	50	<personalpronoun>	1	2	1	3	0	41	0
мы	50	<personalpronoun>	1	0	2	1	0	42	0
вы	50	<personalpronoun>	1	0	2	2	0	43	0
они	50	<personalpronoun>	1	0	2	3	0	44	0
меня	50	<personalpronoun>	2	0	1	1	0	45	0
мне	50	<personalpronoun>	3	0	1	1	0	46	0
меня	50	<personalpronoun>	4	0	1	1	0	47	0
мной	50	<personalpronoun>	5	0	1	1	0	48	0
мною	50	<personalpronoun>	5	0	1	1	0	49	0
мне	50	<personalpronoun>	6	0	1	1	0	50	0
тебя	50	<personalpronoun>	2	0	1	2	0	51	0
тебе	50	<personalpronoun>	3	0	1	2	0	52	0
тебя	50	<personalpronoun>	4	0	1	2	0	53	0
тобой	50	<personalpronoun>	5	0	1	2	0	54	0
тобою	50	<personalpronoun>	5	0	1	2	0	55	0
тебе	50	<personalpronoun>	6	0	1	2	0	56	0
его	50	<personalpronoun>	2	1	1	3	0	57	0
его	50	<personalpronoun>	2	3	1	3	0	58	0
него	50	<personalpronoun>	2	1	1	3	0	59	0
него	50	<personalpronoun>	2	3	1	3	0	60	0
ему	50	<personalpronoun>	3	1	1	3	0	61	0
ему	50	<personalpronoun>	3	3	1	3	0	62	0
нему	50	<personalpronoun>	3	1	1	3	0	63	0
нему	50	<personalpronoun>	3	3	1	3	0	64	0
его	50	<personalpronoun>	4	1	1	3	0	65	0
его	50	<personalpronoun>	4	3	1	3	0	66	0
него	50	<personalpronoun>	4	3	1	3	0	67	0
него	50	<personalpronoun>	4	1	1	3	0	68	0
им	50	<personalpronoun>	5	1	1	3	0	69	0
им	50	<personalpronoun>	5	3	1	3	0	70	0
ним	50	<personalpronoun>	5	1	1	3	0	71	0
ним	50	<personalpronoun>	5	3	1	3	0	72	0
нём	50	<personalpronoun>	6	1	1	3	0	73	0
нём	50	<personalpronoun>	6	3	1	3	0	74	0
её	50	<personalpronoun>	2	2	1	3	0	75	0
неё	50	<personalpronoun>	2	2	1	3	0	76	0
ей	50	<personalpronoun>	3	2	1	3	0	77	0
ней	50	<personalpronoun>	3	2	1	3	0	78	0
её	50	<personalpronoun>	4	2	1	3	0	79	0
неё	50	<personalpronoun>	4	2	1	3	0	80	0
ей	50	<personalpronoun>	5	2	1	3	0	81	0
ней	50	<personalpronoun>	5	2	1	3	0	82	0
ею	50	<personalpronoun>	5	2	1	3	0	83	0
нею	50	<personalpronoun>	5	2	1	3	0	84	0
ней	50	<personalpronoun>	6	2	1	3	0	85	0
нас	50	<personalpronoun>	2	0	2	1	0	86	0
нам	50	<personalpronoun>	3	0	2	1	0	87	0
нас	50	<personalpronoun>	4	0	2	1	0	88	0
нами	50	<personalpronoun>	5	0	2	1	0	89	0
нас	50	<personalpronoun>	6	0	2	1	0	90	0
вас	50	<personalpronoun>	2	0	2	2	0	91	0
вам	50	<personalpronoun>	3	0	2	2	0	92	0
вас	50	<personalpronoun>	4	0	2	2	0	93	0
вами	50	<personalpronoun>	5	0	2	2	0	94	0
вас	50	<personalpronoun>	6	0	2	2	0	95	0
их	50	<personalpronoun>	2	0	2	3	0	96	0
них	50	<personalpronoun>	2	0	2	3	0	97	0
им	50	<personalpronoun>	3	0	2	3	0	98	0
ним	50	<personalpronoun>	3	0	2	3	0	99	0
и	99	и	0	0	0	0	1	25	0
но	99	но	0	0	0	0	1	31	0
а	99	а	0	0	0	0	1	32	0
то	99	то	0	0	0	0	1	33	0
их	50	<personalpronoun>	4	0	2	3	0	100	0
-	200	-	0	0	0	0	1	2	0
;	200	;	0	0	0	0	1	3	0
/	200	/	0	0	0	0	1	5	0
них	50	<personalpronoun>	4	0	2	3	0	101	0
ко	100	к	0	0	0	0	1	13	0
об	100	о	0	0	0	0	1	21	0
со	100	с	0	0	0	0	1	11	0
ими	50	<personalpronoun>	5	0	2	3	0	102	0
ними	50	<personalpronoun>	5	0	2	3	0	103	0
них	50	<personalpronoun>	6	0	2	3	0	104	0
ее	50	<personalpronoun>	2	2	1	3	0	105	0
нее	50	<personalpronoun>	2	2	1	3	0	106	0
ее	50	<personalpronoun>	4	2	1	3	0	107	0
нее	50	<personalpronoun>	4	2	1	3	0	108	0
нем	50	<personalpronoun>	6	1	1	3	0	109	0
нем	50	<personalpronoun>	6	3	1	3	0	110	0
всегда	98	всегда	0	0	0	0	0	114	0
около	100	около	0	0	0	0	1	120	0
из-за	100	из-за	0	0	0	0	1	122	0
тогда	98	тогда	0	0	0	0	0	123	0
под	100	под	0	0	0	0	1	124	0
про	100	про	0	0	0	0	1	125	0
тут	98	тут	0	0	0	0	0	126	0
там	98	там	0	0	0	0	0	127	0
здесь	98	здесь	0	0	0	0	0	128	0
туда	98	туда	0	0	0	0	0	129	0
мимо	100	мимо	0	0	0	0	1	130	0
кроме	100	кроме	0	0	0	0	1	131	0
при	100	при	0	0	0	0	1	132	0
через	100	через	0	0	0	0	1	133	0
ли	97	ли	0	0	0	0	0	134	0
сюда	98	сюда	0	0	0	0	0	135	0
сейчас	98	сейчас	0	0	0	0	0	136	0
теперь	98	теперь	0	0	0	0	0	137	0
вдруг	98	вдруг	0	0	0	0	0	138	0
иногда	98	иногда	0	0	0	0	0	147	0
совсем	98	совсем	0	0	0	0	0	148	0
вперед	98	вперед	0	0	0	0	0	149	0
назад	98	назад	0	0	0	0	0	150	0
вверх	98	вверх	0	0	0	0	0	151	0
вниз	98	вниз	0	0	0	0	0	152	0
между	100	между	0	0	0	0	1	153	0
почти	98	почти	0	0	0	0	0	116	0
ну	97	ну	0	0	0	0	1	154	0
после	98	после	0	0	0	0	0	155	0
после	100	после	0	0	0	0	0	22	0
чем	99	чем	0	0	0	0	0	156	0
сверх	100	сверх	0	0	0	0	1	157	0
во	100	в	0	0	0	0	1	7	0
обо	100	о	0	0	0	0	1	158	0
тому	50	тот	3	3	1	0	0	212	0
то	50	тот	4	3	1	0	0	213	0
тем	50	тот	5	3	1	0	0	214	0
том	50	тот	6	3	1	0	0	215	0
тех	50	тот	4	1	2	0	0	220	0
всё	50	весь	1	3	1	0	0	172	0
всего	50	весь	2	3	1	0	0	173	0
всему	50	весь	3	3	1	0	0	174	0
всё	50	весь	4	3	1	0	0	175	0
этой	50	этот	6	2	1	0	0	235	0
весь	50	весь	1	1	1	0	0	159	0
всего	50	весь	2	1	1	0	0	160	0
всему	50	весь	3	1	1	0	0	161	0
весь	50	весь	4	1	1	0	0	162	0
всего	50	весь	4	1	1	0	0	163	0
всем	50	весь	5	1	1	0	0	164	0
всю	50	весь	4	2	1	0	0	169	0
всей	50	весь	5	2	1	0	0	170	0
всей	50	весь	6	2	1	0	0	171	0
это	50	этот	1	3	1	0	0	236	0
этого	50	этот	2	3	1	0	0	237	0
этому	50	этот	3	3	1	0	0	238	0
этих	50	этот	4	1	2	0	0	246	0
этим	50	этот	3	0	2	0	0	244	0
эти	50	этот	4	0	2	0	0	245	0
этими	50	этот	5	0	2	0	0	247	0
этих	50	этот	6	0	2	0	0	248	0
все	50	весь	1	0	2	0	0	178	0
всех	50	весь	2	0	2	0	0	179	0
да	97	да	0	0	0	0	0	117	0
никогда	98	никогда	0	0	0	0	1	115	0
только	97	только	0	0	0	0	0	145	0
даже	97	даже	0	0	0	0	0	146	0
не	97	не	0	0	0	0	1	119	0
нет	97	нет	0	0	0	0	0	118	0
еще	98	еще	0	0	0	0	1	121	0
всем	50	весь	3	0	2	0	0	180	0
все	50	весь	4	0	2	0	0	181	0
\\	200	\\	0	0	0	0	1	4	0
<tab>	200	<tab>	0	0	0	0	1	111	0
:	200	:	0	0	0	0	1	112	0
"	200	"	0	0	0	0	1	113	0
<roundbracketopen>	200	<roundbracketopen>	0	0	0	0	1	139	0
<roundbracketclose>	200	<roundbracketclose>	0	0	0	0	1	140	0
<anglebracketopen>	200	<anglebracketopen>	0	0	0	0	1	141	0
<anglebracketclose>	200	<anglebracketclose>	0	0	0	0	1	142	0
<squarebracketopen>	200	<squarebracketopen>	0	0	0	0	1	143	0
<squarebracketclose>	200	<squarebracketclose>	0	0	0	0	1	144	0
всех	50	весь	4	1	2	0	0	182	0
всеми	50	весь	5	0	2	0	0	183	0
всех	50	весь	6	0	2	0	0	184	0
те	50	тот	1	0	2	0	0	216	0
тех	50	тот	2	0	2	0	0	217	0
тем	50	тот	3	0	2	0	0	218	0
те	50	тот	4	0	2	0	0	219	0
теми	50	тот	5	0	2	0	0	221	0
тех	50	тот	6	0	2	0	0	222	0
тот	50	тот	1	1	1	0	0	197	0
того	50	тот	2	1	1	0	0	198	0
тому	50	тот	3	1	1	0	0	199	0
тот	50	тот	4	1	1	0	0	200	0
того	50	тот	4	1	1	0	0	201	0
тем	50	тот	5	1	1	0	0	202	0
том	50	тот	6	1	1	0	0	203	0
та	50	тот	1	2	1	0	0	204	0
ту	50	тот	2	2	1	0	0	205	0
той	50	тот	3	2	1	0	0	206	0
ту	50	тот	4	2	1	0	0	207	0
той	50	тот	5	2	1	0	0	208	0
той	50	тот	6	2	1	0	0	209	0
всём	50	весь	6	1	1	0	0	165	0
то	50	тот	1	3	1	0	0	210	0
того	50	тот	2	3	1	0	0	211	0
всё	50	всё	1	3	1	3	0	185	0
всего	50	всё	2	3	1	3	0	186	0
всему	50	всё	3	3	1	3	0	187	0
вся	50	весь	1	2	1	0	0	166	0
всю	50	весь	2	2	1	0	0	167	0
всей	50	весь	3	2	1	0	0	168	0
всё	50	всё	4	3	1	3	0	188	0
всем	50	всё	5	3	1	3	0	189	0
всём	50	всё	6	3	1	3	0	190	0
все	50	все	1	0	2	3	0	191	0
всех	50	все	2	0	2	3	0	192	0
всем	50	все	3	0	2	3	0	193	0
все	50	все	4	0	2	3	0	194	0
всеми	50	все	5	0	2	3	0	195	0
всех	50	все	6	0	2	3	0	196	0
всем	50	весь	5	3	1	0	0	176	0
всём	50	весь	6	3	1	0	0	177	0
этот	50	этот	1	1	1	0	0	223	0
этого	50	этот	2	1	1	0	0	224	0
этому	50	этот	3	1	1	0	0	225	0
этот	50	этот	4	1	1	0	0	226	0
этого	50	этот	4	1	1	0	0	227	0
этом	50	этот	6	1	1	0	0	229	0
эта	50	этот	1	2	1	0	0	230	0
эту	50	этот	2	2	1	0	0	231	0
этой	50	этот	3	2	1	0	0	232	0
эту	50	этот	4	2	1	0	0	233	0
этой	50	этот	5	2	1	0	0	234	0
это	50	это	1	3	1	3	0	250	0
этого	50	это	2	3	1	3	0	251	0
этому	50	это	3	3	1	3	0	252	0
это	50	это	4	3	1	3	0	253	0
этим	50	этот	5	1	1	0	0	228	0
это	50	этот	4	3	1	0	0	239	0
этим	50	этот	5	3	1	0	0	240	0
этом	50	этот	6	3	1	0	0	241	0
эти	50	этот	1	0	2	0	0	242	0
этих	50	этот	2	0	2	0	0	243	0
этим	50	это	5	3	1	3	0	254	0
этом	50	это	6	3	1	3	0	255	0
можно	2	можно	0	0	1	3	1	256	1
нельзя	2	нельзя	0	0	1	3	1	257	1
есть	2	быть	0	0	1	3	0	260	1
хотя	99	хотя	0	0	0	0	0	274	0
хоть	99	хоть	0	0	0	0	0	273	0
очень	98	очень	0	0	0	0	0	276	0
опять	98	опять	0	0	0	0	0	277	0
над	100	над	0	0	0	0	1	278	0
хоть	97	хоть	0	0	0	0	0	275	0
из-под	100	из-под	0	0	0	0	1	279	0
уж	97	уже	0	0	0	0	0	280	0
уже	97	уже	0	0	0	0	0	281	0
против	100	против	0	0	0	0	1	282	0
изо	100	из	0	0	0	0	1	283	0
ведь	97	ведь	0	0	0	0	1	284	0
одному	4	один	3	1	1	3	0	287	0
один	4	один	4	1	1	3	0	288	0
две	4	два	4	2	2	3	0	314	0
двумя	4	два	5	2	2	3	0	315	0
двух	4	два	6	2	2	3	0	316	0
два	4	два	1	3	2	3	0	317	0
двух	4	два	2	3	2	3	0	318	0
двум	4	два	3	3	2	3	0	319	0
два	4	два	4	3	2	3	0	320	0
двумя	4	два	5	3	2	3	0	321	0
двух	4	два	6	3	2	3	0	322	0
три	4	три	1	0	2	3	0	323	0
трех	4	три	2	0	2	3	0	324	0
трем	4	три	3	0	2	3	0	325	0
три	4	три	4	0	2	3	0	326	0
трех	4	три	4	1	2	3	0	327	0
тремя	4	три	5	0	2	3	0	328	0
трех	4	три	6	0	2	3	0	329	0
четыре	4	четыре	1	0	2	3	0	330	0
четырех	4	четыре	2	0	2	3	0	331	0
четырем	4	четыре	3	0	2	3	0	332	0
четыре	4	четыре	4	0	2	3	0	333	0
четырех	4	четыре	4	1	2	3	0	334	0
четырьмя	4	четыре	5	0	2	3	0	335	0
четырех	4	четыре	6	0	2	3	0	336	0
один	4	один	1	1	1	3	0	285	0
одного	4	один	2	1	1	3	0	286	0
одного	4	один	4	1	1	3	0	289	0
одним	4	один	5	1	1	3	0	290	0
одном	4	один	6	1	1	3	0	291	0
одна	4	один	1	2	1	3	0	292	0
одной	4	один	3	2	1	3	0	294	0
одну	4	один	4	2	1	3	0	295	0
одной	4	один	2	2	1	3	0	293	0
одной	4	один	5	2	1	3	0	296	0
одной	4	один	6	2	1	3	0	297	0
одно	4	один	1	3	1	3	0	298	0
одного	4	один	2	3	1	3	0	299	0
одному	4	один	3	3	1	3	0	300	0
одно	4	один	4	3	1	3	0	301	0
одним	4	один	5	3	1	3	0	302	0
одном	4	один	6	3	1	3	0	303	0
два	4	два	1	1	2	3	0	304	0
двух	4	два	2	1	2	3	0	305	0
двум	4	два	3	1	2	3	0	306	0
два	4	два	4	1	2	3	0	307	0
двух	4	два	4	1	2	3	0	308	0
двумя	4	два	5	1	2	3	0	309	0
двух	4	два	6	1	2	3	0	310	0
две	4	два	1	2	2	3	0	311	0
двух	4	два	2	2	2	3	0	312	0
двум	4	два	3	2	2	3	0	313	0
передо	100	перед	0	0	0	0	1	337	0
вокруг	100	вокруг	0	0	0	0	0	338	0
подле	100	подле	0	0	0	0	0	340	0
посреди	100	посреди	0	0	0	0	0	339	0
его	50	его	1	0	0	0	0	341	0
его	50	его	2	0	0	0	0	342	0
его	50	его	3	0	0	0	0	343	0
его	50	его	4	0	0	0	0	344	0
его	50	его	5	0	0	0	0	345	0
его	50	его	6	0	0	0	0	346	0
ее	50	ее	1	0	0	0	0	347	0
ее	50	ее	2	0	0	0	0	348	0
ее	50	ее	3	0	0	0	0	349	0
ее	50	ее	4	0	0	0	0	350	0
ее	50	ее	5	0	0	0	0	351	0
ее	50	ее	6	0	0	0	0	352	0
их	50	их	1	0	0	0	0	353	0
их	50	их	2	0	0	0	0	354	0
их	50	их	3	0	0	0	0	355	0
их	50	их	4	0	0	0	0	356	0
их	50	их	5	0	0	0	0	357	0
их	50	их	6	0	0	0	0	358	0
вне	100	вне	0	0	0	0	1	359	0
ради	100	ради	0	0	0	0	1	360	0
надо	100	над	0	0	0	0	0	361	0
надо	2	надо	0	0	1	3	0	259	1
иначе	98	иначе	0	0	0	0	0	373	0
себя	50	себя	2	0	0	3	0	362	0
себе	50	себя	3	0	0	3	0	363	0
себя	50	себя	4	0	0	3	0	364	0
собой	50	себя	5	0	0	3	0	365	0
собою	50	себя	5	0	0	3	0	366	0
себе	50	себя	6	0	0	3	0	367	0
наверх	98	наверх	0	0	0	0	0	374	0
снова	98	снова	0	0	0	0	0	375	0
иначе	98	иначе	0	0	0	0	0	376	0
навсегда	98	навсегда	0	0	0	0	0	377	0
чуть	98	чуть	0	0	0	0	0	384	0
весьма	98	весьма	0	0	0	0	0	385	0
,	200	,	0	0	0	0	1	1	0
ото	100	от	0	0	0	0	1	386	0
навстречу	98	навстречу	0	0	0	0	0	387	0
наравне	98	наравне	0	0	0	0	0	368	0
сверху	98	сверху	0	0	0	0	0	369	0
наверху	98	наверху	0	0	0	0	0	370	0
нынче	98	нынче	0	0	0	0	0	371	0
прежде	98	прежде	0	0	0	0	0	372	0
вовсе	98	вовсе	0	0	0	0	0	378	0
именно	97	именно	0	0	0	0	0	379	0
прежде	100	прежде	0	0	0	0	0	380	0
ежели	99	ежели	0	0	0	0	0	381	0
сверху	100	сверху	0	0	0	0	0	382	0
спереди	98	спереди	0	0	0	0	0	383	0
сразу	98	сразу	0	0	0	0	0	388	0
сзади	98	сзади	0	0	0	0	0	389	0
сзади	100	сзади	0	0	0	0	0	390	0
спереди	98	спереди	0	0	0	0	0	391	0
спереди	100	спереди	0	0	0	0	0	392	0
\.


--
-- TOC entry 2194 (class 0 OID 16471)
-- Dependencies: 176
-- Data for Name: numberals; Type: TABLE DATA; Schema: public; Owner: knowledge
--

COPY numberals (numeral, sing_pl, base_wcase, base_sing_pl, value) FROM stdin;
пят	2	2	2	5
шест	2	2	2	6
сем	2	2	2	7
один	1	1	1	1
восем	2	2	2	8
два	2	2	1	2
девят	2	2	2	9
три	2	2	1	3
десят	2	2	2	10
четыре	2	2	1	4
одиннадцат	2	2	2	11
двенадцат	2	2	2	12
тринадцат	2	2	2	13
четырнадцат	2	2	2	14
пятнадцат	2	2	2	15
шестнадцат	2	2	2	16
семнадцат	2	2	2	17
восемнадцат	2	2	2	18
девятнадцат	2	2	2	19
двадцат	2	2	2	20
тридцат	2	2	2	30
сорок	2	2	2	40
пятдесят	2	2	2	50
шестдесят	2	2	2	60
семдесят	2	2	2	70
восемдесят	2	2	2	80
девяносто	2	2	2	90
сто	2	2	2	100
двести	2	2	2	200
триста	2	2	2	300
четыреста	2	2	2	400
пятсот	2	2	2	500
шестсот	2	2	2	600
семсот	2	2	2	700
восемсот	2	2	2	800
девядсот	2	2	2	900
\.


--
-- TOC entry 2195 (class 0 OID 16477)
-- Dependencies: 177
-- Data for Name: postfixes; Type: TABLE DATA; Schema: public; Owner: knowledge
--

COPY postfixes (id, postfix, reflexive, type, tense, rule_no) FROM stdin;
1	сь	1	2	0	0
2	ся	1	2	0	0
3	шись	1	2	12	0
4	ся	1	3	0	105
5	-с	0	0	0	0
6	-ка	0	2	9	0
7	-то	0	0	0	0
8	-либо	0	0	0	0
9	-нибудь	0	0	0	0
10	-те	0	0	0	0
\.


--
-- TOC entry 2198 (class 0 OID 16506)
-- Dependencies: 183
-- Data for Name: prefixes; Type: TABLE DATA; Schema: public; Owner: knowledge
--

COPY prefixes (id, prefix, allow_before, deny_before, hard_sign_before, change_i_with) FROM stdin;
1	не				
2	за				
3	от			е;ё;ю;я	ы
4	по				
5	под			е;ё;ю;я	ы
6	при				
7	рас			е;ё;ю;я	ы
8	раз			е;ё;ю;я	ы
9	с			е;ё;ю;я	ы
10	про				
11	вы				
12	в		о;ы	е;ё;ю;я	
13	у				
14	пере				
15	о				
16	полу				
17	об			е;ё;ю;я	ы
18	обо				
19	бес				
20	без				
21	на				
22	вз		о		ы
23	взо				
24	разо				
25	ото				
26	подо				
27	во				
28	со				
29	до				
\.


--
-- TOC entry 2187 (class 0 OID 16386)
-- Dependencies: 161
-- Data for Name: sentence_word; Type: TABLE DATA; Schema: public; Owner: knowledge
--

COPY sentence_word (sentence_id, word_pos, word, punctuation, word_id, rule_id, postfix_id, type, preposition_id, dep_word_pos, name, word_type_filter, subsentence_id, internal, wcase_filter, gender_filter, sing_pl_filter) FROM stdin;
\.


--
-- TOC entry 2199 (class 0 OID 16524)
-- Dependencies: 186
-- Data for Name: sentence_word_link; Type: TABLE DATA; Schema: public; Owner: knowledge
--

COPY sentence_word_link (sentence_id, word_pos, link_word_pos, type, wcase, gender, person, sing_pl, subtype, conjunction_word_pos) FROM stdin;
\.


--
-- TOC entry 2204 (class 0 OID 32195)
-- Dependencies: 203
-- Data for Name: sentence_word_relation; Type: TABLE DATA; Schema: public; Owner: knowledge
--

COPY sentence_word_relation (id, dep_id, sentence_id, word1_pos, word1_type, word1_wcase, word1_gender, word1_sing_pl, word2_pos, word2_type, word2_wcase, word2_gender, word2_sing_pl, relation_type) FROM stdin;
\.


--
-- TOC entry 2200 (class 0 OID 16539)
-- Dependencies: 189
-- Data for Name: sentences; Type: TABLE DATA; Schema: public; Owner: knowledge
--

COPY sentences (id, sentence, type) FROM stdin;
\.


--
-- TOC entry 2201 (class 0 OID 16545)
-- Dependencies: 190
-- Data for Name: setup; Type: TABLE DATA; Schema: public; Owner: knowledge
--

COPY setup (id, split_delimiter, hard_sign, i, negative) FROM stdin;
0	;	ъ	и	не
\.


--
-- TOC entry 2202 (class 0 OID 16559)
-- Dependencies: 192
-- Data for Name: sources; Type: TABLE DATA; Schema: public; Owner: knowledge
--

COPY sources (id, file_path, action) FROM stdin;
5	Data Source/test.txt	0
1	Data Source/Толстой_Семейное_счастье.txt	0
2	Data Source/Толстой_Детство.txt	0
3	Data Source/Толстой_Отрочество.txt	0
4	Data Source/Толстой_Юность.txt	0
\.


--
-- TOC entry 2203 (class 0 OID 16574)
-- Dependencies: 195
-- Data for Name: transformations; Type: TABLE DATA; Schema: public; Owner: knowledge
--

COPY transformations (id, source_prefix, source_suffix, source_type, target_prefix, target_suffix, target_type, keep_rule, source_rule, target_rule, type, line) FROM stdin;
1	про		2			2	t	0	0	1	0
2	в		2			2	t	0	0	1	0
3	вы		2			2	t	0	0	1	0
4	за		2			2	t	0	0	1	0
5	не		1			1	t	0	0	1	0
6	не		3			3	t	0	0	1	0
7	не		50			50	t	0	0	1	0
8	о		2			2	t	0	0	1	0
9	от		2			2	t	0	0	1	0
10	пере		2			2	t	0	0	1	0
11	по		2			2	t	0	0	1	0
12	под		2			2	t	0	0	1	0
13	полу		0			0	t	0	0	1	0
14	при		2			2	t	0	0	1	0
15	раз		2			2	t	0	0	1	0
16	рас		2			2	t	0	0	1	0
17	с		2			2	t	0	0	1	0
18	у		2			2	t	0	0	1	0
19	об		2			2	t	0	0	1	0
20	обо		2			2	t	0	0	1	0
51			3		ост	1	f	0	8	2	0
52			2		ящ	3	f	0	105	2	0
81		н	3		ств	1	f	0	6	2	0
54			2		евш	3	f	0	105	2	0
67			1		ист	3	f	0	101	2	0
21	на		2			2	t	0	0	1	0
68			2		ист	3	f	0	101	0	0
106			0		ств	1	f	0	6	0	0
63			1	бес	н	3	f	0	101	2	0
64			1	без	н	3	f	0	101	2	0
65			1	бес	ьн	3	f	0	101	2	0
66			1	без	ьн	3	f	0	101	2	0
55			2		ивш	3	f	0	105	2	0
53			2		ющ	3	f	0	105	2	0
56			2		вш	3	f	0	105	2	0
107			0		еств	1	f	0	6	0	0
61			1		ев	3	f	0	101	0	0
101			1		ист	1	f	0	1	0	0
102			1		ник	1	f	0	42	2	0
103			1	без	ник	1	f	0	42	2	0
104			1	бес	ник	1	f	0	42	2	0
105			1	на	ник	1	f	0	42	2	0
60			1		ов	3	f	0	103	0	1
60			1		ов	3	f	0	101	0	0
61			1		ев	3	f	0	103	0	1
69			1		енн	3	f	27	103	0	1
69			1		енн	3	f	0	101	0	0
69			1		енн	3	f	0	104	0	2
70			2		енн	3	f	0	101	0	0
71			3		ейш	3	f	0	105	2	0
58			1		ан	3	f	0	0	0	0
59			1		ян	3	f	0	0	2	0
57			1		ин	3	f	0	101	0	0
22	вз		2			2	t	0	0	1	0
23	взо		2			2	t	0	0	1	0
57			1		ин	3	f	0	107	0	1
72			2		тельн\n	3	f	0	101	2	0
72			2		ительн	3	f	0	101	2	3
72			2		ательн	3	f	0	101	2	2
72			2		етельн	3	f	0	101	2	1
73			3		оват	3	f	0	101	2	0
151			2		ля	2	f	80	51	2	0
151			2		ля	2	f	81	51	2	1
24	до		2			2	t	0	0	1	0
56			2		авш	3	f	0	105	2	1
74			1		альн	3	f	0	101	0	0
75			3		еньк	3	f	0	102	2	0
\.


--
-- TOC entry 2197 (class 0 OID 16496)
-- Dependencies: 180
-- Data for Name: word_word_relation; Type: TABLE DATA; Schema: public; Owner: knowledge
--

COPY word_word_relation (word_id, parent_word_id, relation_type, relation_ref_id, relation_ref_line) FROM stdin;
\.


--
-- TOC entry 2196 (class 0 OID 16486)
-- Dependencies: 178
-- Data for Name: wordforms; Type: TABLE DATA; Schema: public; Owner: knowledge
--

COPY wordforms (word_id, wordform, rule_id, postfix_id) FROM stdin;
\.


--
-- TOC entry 2188 (class 0 OID 16393)
-- Dependencies: 162
-- Data for Name: words; Type: TABLE DATA; Schema: public; Owner: knowledge
--

COPY words (id, word, type, rule_no, rating, complex, rule_variance) FROM stdin;
\.


--
-- TOC entry 2140 (class 2606 OID 16608)
-- Dependencies: 168 168
-- Name: characters_pkey; Type: CONSTRAINT; Schema: public; Owner: knowledge; Tablespace: 
--

ALTER TABLE ONLY characters
    ADD CONSTRAINT characters_pkey PRIMARY KEY ("character");


--
-- TOC entry 2142 (class 2606 OID 16610)
-- Dependencies: 169 169
-- Name: complex_word_pkey; Type: CONSTRAINT; Schema: public; Owner: knowledge; Tablespace: 
--

ALTER TABLE ONLY complex_word
    ADD CONSTRAINT complex_word_pkey PRIMARY KEY (word_id);


--
-- TOC entry 2146 (class 2606 OID 16612)
-- Dependencies: 170 170
-- Name: complex_word_template_pkey; Type: CONSTRAINT; Schema: public; Owner: knowledge; Tablespace: 
--

ALTER TABLE ONLY complex_word_template
    ADD CONSTRAINT complex_word_template_pkey PRIMARY KEY (id);


--
-- TOC entry 2136 (class 2606 OID 16614)
-- Dependencies: 166 166
-- Name: ending_rules_pkey; Type: CONSTRAINT; Schema: public; Owner: knowledge; Tablespace: 
--

ALTER TABLE ONLY ending_rules
    ADD CONSTRAINT ending_rules_pkey PRIMARY KEY (rule_id);


--
-- TOC entry 2149 (class 2606 OID 16616)
-- Dependencies: 172 172
-- Name: fixed_words_pkey; Type: CONSTRAINT; Schema: public; Owner: knowledge; Tablespace: 
--

ALTER TABLE ONLY fixed_words
    ADD CONSTRAINT fixed_words_pkey PRIMARY KEY (rule_id);


--
-- TOC entry 2151 (class 2606 OID 16618)
-- Dependencies: 176 176
-- Name: numberals_pkey; Type: CONSTRAINT; Schema: public; Owner: knowledge; Tablespace: 
--

ALTER TABLE ONLY numberals
    ADD CONSTRAINT numberals_pkey PRIMARY KEY (numeral);


--
-- TOC entry 2174 (class 2606 OID 16620)
-- Dependencies: 192 192
-- Name: pkey; Type: CONSTRAINT; Schema: public; Owner: knowledge; Tablespace: 
--

ALTER TABLE ONLY sources
    ADD CONSTRAINT pkey PRIMARY KEY (id);


--
-- TOC entry 2153 (class 2606 OID 16622)
-- Dependencies: 177 177
-- Name: postfixes_pkey; Type: CONSTRAINT; Schema: public; Owner: knowledge; Tablespace: 
--

ALTER TABLE ONLY postfixes
    ADD CONSTRAINT postfixes_pkey PRIMARY KEY (id);


--
-- TOC entry 2163 (class 2606 OID 16624)
-- Dependencies: 183 183
-- Name: prefixes_pkey; Type: CONSTRAINT; Schema: public; Owner: knowledge; Tablespace: 
--

ALTER TABLE ONLY prefixes
    ADD CONSTRAINT prefixes_pkey PRIMARY KEY (id);


--
-- TOC entry 2168 (class 2606 OID 16626)
-- Dependencies: 186 186 186 186 186 186 186 186 186
-- Name: sentence_word_link_pkey; Type: CONSTRAINT; Schema: public; Owner: knowledge; Tablespace: 
--

ALTER TABLE ONLY sentence_word_link
    ADD CONSTRAINT sentence_word_link_pkey PRIMARY KEY (sentence_id, word_pos, link_word_pos, type, wcase, gender, person, sing_pl);


--
-- TOC entry 2131 (class 2606 OID 16628)
-- Dependencies: 161 161 161
-- Name: sentence_word_pkey; Type: CONSTRAINT; Schema: public; Owner: knowledge; Tablespace: 
--

ALTER TABLE ONLY sentence_word
    ADD CONSTRAINT sentence_word_pkey PRIMARY KEY (sentence_id, word_pos);


--
-- TOC entry 2178 (class 2606 OID 32229)
-- Dependencies: 203 203 203
-- Name: sentence_word_relation_pkey; Type: CONSTRAINT; Schema: public; Owner: knowledge; Tablespace: 
--

ALTER TABLE ONLY sentence_word_relation
    ADD CONSTRAINT sentence_word_relation_pkey PRIMARY KEY (sentence_id, id);


--
-- TOC entry 2170 (class 2606 OID 16630)
-- Dependencies: 189 189
-- Name: sentences_pkey; Type: CONSTRAINT; Schema: public; Owner: knowledge; Tablespace: 
--

ALTER TABLE ONLY sentences
    ADD CONSTRAINT sentences_pkey PRIMARY KEY (id);


--
-- TOC entry 2172 (class 2606 OID 16632)
-- Dependencies: 190 190
-- Name: setup_pkey; Type: CONSTRAINT; Schema: public; Owner: knowledge; Tablespace: 
--

ALTER TABLE ONLY setup
    ADD CONSTRAINT setup_pkey PRIMARY KEY (id);


--
-- TOC entry 2176 (class 2606 OID 16634)
-- Dependencies: 195 195 195
-- Name: transformations_pkey; Type: CONSTRAINT; Schema: public; Owner: knowledge; Tablespace: 
--

ALTER TABLE ONLY transformations
    ADD CONSTRAINT transformations_pkey PRIMARY KEY (id, line);


--
-- TOC entry 2160 (class 2606 OID 16636)
-- Dependencies: 180 180 180 180
-- Name: word_word_relation_pkey; Type: CONSTRAINT; Schema: public; Owner: knowledge; Tablespace: 
--

ALTER TABLE ONLY word_word_relation
    ADD CONSTRAINT word_word_relation_pkey PRIMARY KEY (word_id, parent_word_id, relation_type);


--
-- TOC entry 2156 (class 2606 OID 16638)
-- Dependencies: 178 178 178 178
-- Name: wordforms_pkey; Type: CONSTRAINT; Schema: public; Owner: knowledge; Tablespace: 
--

ALTER TABLE ONLY wordforms
    ADD CONSTRAINT wordforms_pkey PRIMARY KEY (word_id, rule_id, postfix_id);


--
-- TOC entry 2134 (class 2606 OID 16640)
-- Dependencies: 162 162
-- Name: words_pkey; Type: CONSTRAINT; Schema: public; Owner: knowledge; Tablespace: 
--

ALTER TABLE ONLY words
    ADD CONSTRAINT words_pkey PRIMARY KEY (id);


--
-- TOC entry 2137 (class 1259 OID 16641)
-- Dependencies: 166
-- Name: fixed_index01; Type: INDEX; Schema: public; Owner: knowledge; Tablespace: 
--

CREATE INDEX fixed_index01 ON ending_rules USING btree (ending);


--
-- TOC entry 2138 (class 1259 OID 16642)
-- Dependencies: 166 166 166 166 166 166
-- Name: fixed_index02; Type: INDEX; Schema: public; Owner: knowledge; Tablespace: 
--

CREATE INDEX fixed_index02 ON ending_rules USING btree (rule_no, tense, sing_pl, wcase, gender, person);


--
-- TOC entry 2147 (class 1259 OID 16643)
-- Dependencies: 172
-- Name: fixed_index_02; Type: INDEX; Schema: public; Owner: knowledge; Tablespace: 
--

CREATE INDEX fixed_index_02 ON fixed_words USING btree (word);


--
-- TOC entry 2161 (class 1259 OID 16644)
-- Dependencies: 183
-- Name: fixed_index_03; Type: INDEX; Schema: public; Owner: knowledge; Tablespace: 
--

CREATE UNIQUE INDEX fixed_index_03 ON prefixes USING btree (prefix);


--
-- TOC entry 2157 (class 1259 OID 16645)
-- Dependencies: 180
-- Name: fki_parent_word; Type: INDEX; Schema: public; Owner: knowledge; Tablespace: 
--

CREATE INDEX fki_parent_word ON word_word_relation USING btree (parent_word_id);


--
-- TOC entry 2164 (class 1259 OID 16646)
-- Dependencies: 186
-- Name: fki_swl1; Type: INDEX; Schema: public; Owner: knowledge; Tablespace: 
--

CREATE INDEX fki_swl1 ON sentence_word_link USING btree (sentence_id);


--
-- TOC entry 2165 (class 1259 OID 16647)
-- Dependencies: 186 186
-- Name: fki_swl2; Type: INDEX; Schema: public; Owner: knowledge; Tablespace: 
--

CREATE INDEX fki_swl2 ON sentence_word_link USING btree (sentence_id, word_pos);


--
-- TOC entry 2166 (class 1259 OID 16648)
-- Dependencies: 186 186
-- Name: fki_swl3; Type: INDEX; Schema: public; Owner: knowledge; Tablespace: 
--

CREATE INDEX fki_swl3 ON sentence_word_link USING btree (sentence_id, link_word_pos);


--
-- TOC entry 2143 (class 1259 OID 16649)
-- Dependencies: 169
-- Name: fki_word1; Type: INDEX; Schema: public; Owner: knowledge; Tablespace: 
--

CREATE INDEX fki_word1 ON complex_word USING btree (word1);


--
-- TOC entry 2144 (class 1259 OID 16650)
-- Dependencies: 169
-- Name: fki_word2; Type: INDEX; Schema: public; Owner: knowledge; Tablespace: 
--

CREATE INDEX fki_word2 ON complex_word USING btree (word2);


--
-- TOC entry 2158 (class 1259 OID 16651)
-- Dependencies: 180
-- Name: fki_wwr; Type: INDEX; Schema: public; Owner: knowledge; Tablespace: 
--

CREATE INDEX fki_wwr ON word_word_relation USING btree (word_id);


--
-- TOC entry 2132 (class 1259 OID 16652)
-- Dependencies: 162 162
-- Name: index01; Type: INDEX; Schema: public; Owner: knowledge; Tablespace: 
--

CREATE INDEX index01 ON words USING btree (type, word);


--
-- TOC entry 2154 (class 1259 OID 16653)
-- Dependencies: 178
-- Name: index03; Type: INDEX; Schema: public; Owner: knowledge; Tablespace: 
--

CREATE INDEX index03 ON wordforms USING btree (wordform);


--
-- TOC entry 2129 (class 1259 OID 16654)
-- Dependencies: 161
-- Name: index04; Type: INDEX; Schema: public; Owner: knowledge; Tablespace: 
--

CREATE INDEX index04 ON sentence_word USING btree (word_id);


--
-- TOC entry 2182 (class 2606 OID 16655)
-- Dependencies: 2133 180 162
-- Name: parent_word; Type: FK CONSTRAINT; Schema: public; Owner: knowledge
--

ALTER TABLE ONLY word_word_relation
    ADD CONSTRAINT parent_word FOREIGN KEY (parent_word_id) REFERENCES words(id) ON UPDATE CASCADE ON DELETE CASCADE;


--
-- TOC entry 2184 (class 2606 OID 16660)
-- Dependencies: 2169 186 189
-- Name: swl1; Type: FK CONSTRAINT; Schema: public; Owner: knowledge
--

ALTER TABLE ONLY sentence_word_link
    ADD CONSTRAINT swl1 FOREIGN KEY (sentence_id) REFERENCES sentences(id);


--
-- TOC entry 2185 (class 2606 OID 16665)
-- Dependencies: 2130 161 186 186 161
-- Name: swl2; Type: FK CONSTRAINT; Schema: public; Owner: knowledge
--

ALTER TABLE ONLY sentence_word_link
    ADD CONSTRAINT swl2 FOREIGN KEY (sentence_id, word_pos) REFERENCES sentence_word(sentence_id, word_pos);


--
-- TOC entry 2186 (class 2606 OID 16670)
-- Dependencies: 161 161 186 2130 186
-- Name: swl3; Type: FK CONSTRAINT; Schema: public; Owner: knowledge
--

ALTER TABLE ONLY sentence_word_link
    ADD CONSTRAINT swl3 FOREIGN KEY (sentence_id, link_word_pos) REFERENCES sentence_word(sentence_id, word_pos);


--
-- TOC entry 2181 (class 2606 OID 16675)
-- Dependencies: 162 2133 178
-- Name: word; Type: FK CONSTRAINT; Schema: public; Owner: knowledge
--

ALTER TABLE ONLY wordforms
    ADD CONSTRAINT word FOREIGN KEY (word_id) REFERENCES words(id) ON UPDATE CASCADE ON DELETE CASCADE;


--
-- TOC entry 2183 (class 2606 OID 16680)
-- Dependencies: 162 180 2133
-- Name: word; Type: FK CONSTRAINT; Schema: public; Owner: knowledge
--

ALTER TABLE ONLY word_word_relation
    ADD CONSTRAINT word FOREIGN KEY (word_id) REFERENCES words(id) ON UPDATE CASCADE ON DELETE CASCADE;


--
-- TOC entry 2179 (class 2606 OID 16685)
-- Dependencies: 162 169 2133
-- Name: word1; Type: FK CONSTRAINT; Schema: public; Owner: knowledge
--

ALTER TABLE ONLY complex_word
    ADD CONSTRAINT word1 FOREIGN KEY (word1) REFERENCES words(id) ON UPDATE CASCADE ON DELETE CASCADE;


--
-- TOC entry 2180 (class 2606 OID 16690)
-- Dependencies: 2133 162 169
-- Name: word2; Type: FK CONSTRAINT; Schema: public; Owner: knowledge
--

ALTER TABLE ONLY complex_word
    ADD CONSTRAINT word2 FOREIGN KEY (word2) REFERENCES words(id) ON UPDATE CASCADE ON DELETE CASCADE;


--
-- TOC entry 2209 (class 0 OID 0)
-- Dependencies: 6
-- Name: public; Type: ACL; Schema: -; Owner: postgres
--

REVOKE ALL ON SCHEMA public FROM PUBLIC;
REVOKE ALL ON SCHEMA public FROM postgres;
GRANT ALL ON SCHEMA public TO postgres;
GRANT ALL ON SCHEMA public TO knowledge;
GRANT ALL ON SCHEMA public TO PUBLIC;


-- Completed on 2012-05-06 10:42:36 MSK

--
-- PostgreSQL database dump complete
--

